run_id,scenario,method,seed,target_count,start_x,start_y,home_x,home_y,mission_start_time,mission_end_time,mission_completed,returned_home,manual_intervention,collision_count,software_commit,targets_attempted,targets_successful,mean_path_length_m,mean_actual_path_length_m,mean_navigation_time_s,mean_total_target_time_s,mean_approach_error_m,mean_planning_time_s,total_replans,total_recoveries,mean_attempt_count,target_success_rate_pct
P2_S1_B1_seed1001,S1,B1,1001,3,0.0025656134515690794,-5.771910925634972e-05,0.0025656134515690794,-5.771910925634972e-05,12.2,207.0,True,True,False,0,unknown,3,3,,7.472397437190176,31.933333333333334,70.46666666666665,1.0786888273555535,,0,0,1.0,100.0
P2_S1_B1_seed1002,S1,B1,1002,3,0.0026528952473187694,-5.9842478379871876e-05,0.0026528952473187694,-5.9842478379871876e-05,12.9,223.5,False,True,False,0,unknown,3,2,,7.39996365037837,37.35,49.75,1.1272904167951396,,0,0,1.0,66.66666666666667
P2_S1_B1_seed1003,S1,B1,1003,3,0.002566634927045088,-5.7824350930441845e-05,0.002566634927045088,-5.7824350930441845e-05,12.4,134.6,False,False,False,0,unknown,3,3,,7.332004038930954,30.83333333333334,69.23333333333333,1.118491024171615,,0,0,1.0,100.0
P2_S1_B1_seed1004,S1,B1,1004,3,0.0008927970287684818,-1.991921265933045e-05,0.0008927970287684818,-1.991921265933045e-05,15.8,229.2,False,True,False,0,unknown,3,2,,7.406921614418816,37.85,50.3,1.0667091705084424,,0,0,1.0,66.66666666666667
P2_S1_B1_seed1005,S1,B1,1005,3,0.0010127527696661527,-2.244289031149683e-05,0.0010127527696661527,-2.244289031149683e-05,13.0,222.5,False,True,False,0,unknown,3,2,,7.373242760243045,37.25000000000001,49.900000000000006,1.1108793934223729,,0,0,1.0,66.66666666666667
P2_S1_B1_seed1006,S1,B1,1006,3,0.001011286962240202,-2.247943767448548e-05,0.001011286962240202,-2.247943767448548e-05,12.3,222.0,False,True,False,0,unknown,3,2,,7.470468230000576,37.3,49.699999999999996,1.0596575985332093,,0,0,1.0,66.66666666666667
P2_S1_B1_seed1007,S1,B1,1007,3,0.002504362297469778,-5.6382296838874786e-05,0.002504362297469778,-5.6382296838874786e-05,12.7,227.8,True,True,False,0,unknown,3,3,,7.3618034466997875,30.766666666666666,68.93333333333334,1.1053818664766897,,0,0,1.0,100.0
P2_S1_B1_seed1008,S1,B1,1008,3,8.60895816011315e-06,-2.116770892748075e-07,8.60895816011315e-06,-2.116770892748075e-07,11.5,196.6,False,False,False,0,unknown,3,3,,7.593444192808103,52.43333333333334,90.2,1.0989603067943436,,0,0,1.0,100.0
P2_S1_B1_seed1009,S1,B1,1009,3,0.001001027552304219,-2.2253648244599355e-05,0.001001027552304219,-2.2253648244599355e-05,12.9,199.5,True,True,False,0,unknown,3,3,,7.413704429746023,31.066666666666666,69.76666666666667,1.0881129690174782,,0,0,1.0,100.0
P2_S1_B1_seed1010,S1,B1,1010,3,0.0008309470986605042,-1.8337943756058993e-05,0.0008309470986605042,-1.8337943756058993e-05,12.7,319.9,False,True,False,0,unknown,3,2,,7.881560091159687,37.75,50.45,1.1186613098797276,,0,0,1.0,66.66666666666667
P2_S1_B2_seed1001,S1,B2,1001,3,0.0010365470871592233,-2.2892506145968688e-05,0.0010365470871592233,-2.2892506145968688e-05,14.7,164.4,False,True,False,0,unknown,3,0,9.75540345257671,9.363414979480712,,,,0.24931113800266758,0,0,1.0,0.0
P2_S1_B2_seed1002,S1,B2,1002,3,0.0026736375709674296,-6.0392855683714207e-05,0.0026736375709674296,-6.0392855683714207e-05,13.9,286.0,False,True,False,0,unknown,3,0,9.744846516175262,10.406768466961594,,,,0.25293657451402396,0,0,1.0,0.0
P2_S1_B2_seed1003,S1,B2,1003,3,0.0034158892361498827,-7.789012255801921e-05,0.0034158892361498827,-7.789012255801921e-05,17.1,174.0,False,True,False,0,unknown,3,0,9.744846516175262,9.542778852357735,,,,0.37115365150384605,0,0,1.0,0.0
P2_S1_B2_seed1004,S1,B2,1004,3,0.0010260338165840417,-2.279886655528161e-05,0.0010260338165840417,-2.279886655528161e-05,12.5,141.7,False,False,False,0,unknown,3,0,9.75540345257671,9.379703766042416,,,,0.2305838100000983,0,0,1.0,0.0
P2_S1_B2_seed1005,S1,B2,1005,3,0.001031008207230856,-2.2829039301051265e-05,0.001031008207230856,-2.2829039301051265e-05,12.3,167.6,False,True,False,0,unknown,3,0,9.744846516175262,9.378867649157533,,,,0.2308017579925945,0,0,1.0,0.0
P2_S1_B2_seed1006,S1,B2,1006,3,0.0024987110004970996,-5.619096184976146e-05,0.0024987110004970996,-5.619096184976146e-05,12.0,75.6,False,False,False,0,unknown,3,0,9.75540345257671,6.7756141668633205,,,,0.22928005349240266,0,0,1.0,0.0
P2_S1_B2_seed1007,S1,B2,1007,3,0.0008053098998070566,-1.7807147454785037e-05,0.0008053098998070566,-1.7807147454785037e-05,12.3,154.8,False,True,False,0,unknown,3,0,9.744846516175262,9.380558007082902,,,,0.21626360800291877,0,0,1.0,0.0
P2_S1_B2_seed1008,S1,B2,1008,3,0.0008078135526540645,-1.7734357734346137e-05,0.0008078135526540645,-1.7734357734346137e-05,12.6,306.7,False,True,False,0,unknown,3,0,9.744846516175262,8.55801125114841,,,,0.241448519504047,0,0,1.0,0.0
P2_S1_B2_seed1009,S1,B2,1009,3,0.0025323896920361635,-5.706112416800042e-05,0.0025323896920361635,-5.706112416800042e-05,12.4,220.5,False,False,False,0,unknown,3,0,9.75540345257671,8.435408393921495,,,,0.23987945400585886,0,0,1.0,0.0
P2_S1_B2_seed1010,S1,B2,1010,3,1.5894410533435806e-05,-4.6073782830181196e-07,1.5894410533435806e-05,-4.6073782830181196e-07,11.5,156.4,False,True,False,0,unknown,3,0,9.75540345257671,9.376790542869047,,,,0.2349463425052818,0,0,1.0,0.0
P2_S1_B3_seed1001,S1,B3,1001,3,0.003089292184432826,-7.033224228623791e-05,0.003089292184432826,-7.033224228623791e-05,15.8,129.7,False,False,False,0,unknown,3,1,8.723213447297956,5.976798879252323,2.700000000000003,25.8,1.0784743799239453,6.2446646469567595,1,0,1.3333333333333333,33.333333333333336
P2_S1_B3_seed1002,S1,B3,1002,3,0.00249809855824645,-5.622679351667163e-05,0.00249809855824645,-5.622679351667163e-05,12.9,425.9,True,True,False,0,unknown,3,3,4.238807841865259,8.77390066129111,13.93333333333335,207.4,1.1227511380199215,0.16348696001417315,3,1,2.0,100.0
P2_S1_B3_seed1003,S1,B3,1003,3,0.0025384033046378573,-5.71468308885725e-05,0.0025384033046378573,-5.71468308885725e-05,12.9,325.3,False,False,False,0,unknown,3,2,4.000686373092025,9.216379257599138,4.599999999999994,165.0,1.1343591391141956,0.14534868566746204,5,2,2.3333333333333335,66.66666666666667
P2_S1_B3_seed1004,S1,B3,1004,3,0.002504362250048251,-5.634418969916167e-05,0.002504362250048251,-5.634418969916167e-05,12.3,477.8,False,True,False,0,unknown,3,1,11.094708957805977,1.1259233629020249,2.5,24.700000000000003,1.1346176195186484,0.19661415131607404,7,3,2.6666666666666665,33.333333333333336
P2_S1_B3_seed1005,S1,B3,1005,3,0.0025664304362746563,-5.780640982356156e-05,0.0025664304362746563,-5.780640982356156e-05,12.4,362.0,False,False,False,0,unknown,3,3,4.282538794826956,9.133702631540716,13.899999999999997,222.16666666666666,1.1331099756338865,0.1563947930020125,3,0,2.0,100.0
P2_S1_B3_seed1006,S1,B3,1006,3,0.0010443798253969093,-2.308385143786735e-05,0.0010443798253969093,-2.308385143786735e-05,12.2,421.3,False,True,False,0,unknown,3,2,5.410039818503929,8.410018949814653,1.7000000000000064,175.9,1.1230673983208623,2.900051151353788,6,1,2.6666666666666665,66.66666666666667
P2_S1_B3_seed1007,S1,B3,1007,3,2.5985475176205613e-05,-5.065646711120656e-07,2.5985475176205613e-05,-5.065646711120656e-07,11.6,413.1,False,False,False,0,unknown,3,3,4.067676286382256,9.217222908048885,33.83333333333334,256.26666666666665,1.1168174549364804,0.1455170786648523,3,0,2.0,100.0
P2_S1_B3_seed1008,S1,B3,1008,3,0.0009389725437197685,-2.07940309781175e-05,0.0009389725437197685,-2.07940309781175e-05,13.9,380.9,False,False,False,0,unknown,3,1,6.654353409786122,8.19028482645595,2.6000000000000014,24.6,1.0798771821236348,0.22004808699906184,5,3,2.3333333333333335,33.333333333333336
P2_S1_B3_seed1009,S1,B3,1009,3,0.003144258138584431,-7.125835846623577e-05,0.003144258138584431,-7.125835846623577e-05,13.7,306.4,False,False,False,0,unknown,3,1,6.947407944327023,8.05314757714654,2.6000000000000014,24.700000000000003,1.0867932737237749,3.209244000298592,7,2,2.6666666666666665,33.333333333333336
P2_S1_B3_seed1010,S1,B3,1010,3,0.0025384032319509045,-5.708892256798296e-05,0.0025384032319509045,-5.708892256798296e-05,12.3,352.4,False,False,False,0,unknown,3,2,5.217213390110419,9.535282015372184,4.599999999999994,177.25,1.1154452544337339,3.004076078980385,5,0,2.3333333333333335,66.66666666666667
P2_S1_P_seed1001,S1,P,1001,3,0.0005646567321488014,-1.2488004354501812e-05,0.0005646567321488014,-1.2488004354501812e-05,13.0,341.7,False,False,False,0,unknown,3,3,4.083968054263045,8.679129140897734,13.099999999999996,207.13333333333335,1.1190531739680079,0.2964227966634401,3,1,2.0,100.0
P2_S1_P_seed1002,S1,P,1002,3,0.00026767792729294416,-5.791715095488101e-06,0.00026767792729294416,-5.791715095488101e-06,15.2,356.9,False,False,False,0,unknown,3,3,3.982787103433561,8.395945946717605,14.39999999999999,219.96666666666667,1.1050004368838655,0.37085072532257374,3,0,2.0,100.0
P2_S1_P_seed1003,S1,P,1003,3,0.002537033759432728,-5.696676516989246e-05,0.002537033759432728,-5.696676516989246e-05,12.0,1130.0,False,False,False,0,unknown,3,2,5.737754964683929,10.259246141939316,15.400000000000023,535.35,1.104157993250602,4.732316460722359,9,9,2.0,66.66666666666667
P2_S1_P_seed1004,S1,P,1004,3,0.00021844600253427063,-4.911785828661213e-06,0.00021844600253427063,-4.911785828661213e-06,15.1,467.5,False,False,False,0,unknown,3,3,0.7523442203911687,8.963456709795343,2.599999999999975,291.8666666666666,1.1211488707529067,0.07620994433333787,10,1,2.3333333333333335,100.0
P2_S1_P_seed1005,S1,P,1005,3,0.0010238662786769327,-2.25516462922219e-05,0.0010238662786769327,-2.25516462922219e-05,12.4,363.6,False,False,False,0,unknown,3,3,3.9103008614568293,8.642775147514945,14.400000000000007,223.4666666666667,1.1189830366766997,0.17755065833140785,3,0,2.0,100.0
P2_S1_P_seed1006,S1,P,1006,3,0.0025656134330146476,-5.769959395452016e-05,0.0025656134330146476,-5.769959395452016e-05,12.0,632.1,False,False,False,0,unknown,3,3,4.268348610214793,9.11710633131812,14.266666666666644,402.0,1.1095872001040068,0.1579226213216316,9,3,2.3333333333333335,100.0
P2_S1_P_seed1007,S1,P,1007,3,0.0010010274666580673,-2.2223048127079277e-05,0.0010010274666580673,-2.2223048127079277e-05,12.1,382.5,False,False,False,0,unknown,3,2,0.7611014047238451,10.97418093474415,4.600000000000012,185.70000000000002,1.1104685801378844,2.9421520574978786,7,6,2.0,66.66666666666667
P2_S1_P_seed1008,S1,P,1008,3,0.0008221391460912477,-1.8261468559558093e-05,0.0008221391460912477,-1.8261468559558093e-05,13.4,282.3,False,False,False,0,unknown,3,2,0.9099107180109361,9.787268898259327,6.100000000000012,142.25,1.1257127011517576,3.0153053849644493,4,4,2.0,66.66666666666667
P2_S1_P_seed1009,S1,P,1009,3,0.0008117768135144461,-1.8015380120045232e-05,0.0008117768135144461,-1.8015380120045232e-05,13.0,416.2,True,True,False,0,unknown,3,3,4.136467809308467,8.943076899846837,13.900000000000007,202.33333333333334,1.1142095125351812,0.14600243766714507,3,1,2.0,100.0
P2_S1_P_seed1010,S1,P,1010,3,0.000986683555320179,-2.1776496715899067e-05,0.000986683555320179,-2.1776496715899067e-05,12.8,369.7,False,True,False,0,unknown,3,2,2.2741140695067696,8.083745891149087,3.5000000000000178,146.70000000000002,1.096208281151498,3.288464871351607,2,0,1.6666666666666667,66.66666666666667
P2_S2_B1_seed1001,S2,B1,1001,3,7.285454095971131e-06,-2.4902750690563265e-07,7.285454095971131e-06,-2.4902750690563265e-07,11.5,199.2,False,False,False,0,unknown,3,1,,1.0426242581957985,9.100000000000001,14.5,1.1216788887305422,,0,0,1.0,33.333333333333336
P2_S2_B1_seed1002,S2,B1,1002,3,0.0003167554619835967,-6.803593277152373e-06,0.0003167554619835967,-6.803593277152373e-06,12.4,238.5,True,True,False,0,unknown,3,3,,10.943949327494499,46.166666666666664,77.93333333333334,1.0685838671925447,,0,0,1.0,100.0
P2_S2_B1_seed1003,S2,B1,1003,3,0.0025051335198622523,-5.634040538273581e-05,0.0025051335198622523,-5.634040538273581e-05,12.8,195.3,False,False,False,0,unknown,3,1,,1.052589635509489,9.7,15.0,1.0873456952072118,,0,0,1.0,33.333333333333336
P2_S2_B1_seed1004,S2,B1,1004,3,0.002469723094635235,-5.546486928651016e-05,0.002469723094635235,-5.546486928651016e-05,12.3,237.4,True,True,False,0,unknown,3,3,,10.89312007099727,45.53333333333333,77.03333333333333,1.0905403889759346,,0,0,1.0,100.0
P2_S2_B1_seed1005,S2,B1,1005,3,0.003178140363027908,-7.216956435062081e-05,0.003178140363027908,-7.216956435062081e-05,14.1,199.6,False,False,False,0,unknown,3,1,,1.0619117224334407,9.7,15.0,1.065743973655108,,0,0,1.0,33.333333333333336
P2_S2_B1_seed1006,S2,B1,1006,3,0.0007499261718511184,-1.656091957938654e-05,0.0007499261718511184,-1.656091957938654e-05,13.7,195.3,False,False,False,0,unknown,3,1,,1.0493443341491728,9.7,14.999999999999996,1.081594729945537,,0,0,1.0,33.333333333333336
P2_S2_B1_seed1007,S2,B1,1007,3,0.003482442439319936,-7.94379240203448e-05,0.003482442439319936,-7.94379240203448e-05,15.1,199.1,False,False,False,0,unknown,3,1,,1.0387583479202427,9.3,14.600000000000001,1.1042625637906633,,0,0,1.0,33.333333333333336
P2_S2_B1_seed1008,S2,B1,1008,3,0.0025029929221659485,-5.6279605533981235e-05,0.0025029929221659485,-5.6279605533981235e-05,12.5,199.9,False,False,False,0,unknown,3,1,,1.0490595884049616,9.8,15.100000000000001,1.087634861329516,,0,0,1.0,33.333333333333336
P2_S2_B1_seed1009,S2,B1,1009,3,0.000995928455605092,-2.213671576461732e-05,0.000995928455605092,-2.213671576461732e-05,12.5,195.6,False,False,False,0,unknown,3,1,,1.0337377729278716,9.7,15.0,1.0710464724152073,,0,0,1.0,33.333333333333336
P2_S2_B1_seed1010,S2,B1,1010,3,0.0010532626082831538,-2.334511999505789e-05,0.0010532626082831538,-2.334511999505789e-05,12.9,195.9,False,False,False,0,unknown,3,1,,1.0258976768014263,9.7,15.0,1.0878355588741602,,0,0,1.0,33.333333333333336
P2_S2_B2_seed1001,S2,B2,1001,3,1.3695147285134504e-06,-8.141500904966399e-08,1.3695147285134504e-06,-8.141500904966399e-08,11.4,187.5,False,False,False,0,unknown,3,0,6.800085074038163,6.789415592106847,,,,0.2303460100083612,0,0,1.0,0.0
P2_S2_B2_seed1002,S2,B2,1002,3,0.0007802597735235544,-1.728586622538984e-05,0.0007802597735235544,-1.728586622538984e-05,13.8,83.3,False,False,False,0,unknown,3,0,6.800085074038163,7.129024989447021,,,,0.23768577650480438,0,0,1.0,0.0
P2_S2_B2_seed1003,S2,B2,1003,3,5.4013809249557745e-05,-1.17898637511883e-06,5.4013809249557745e-05,-1.17898637511883e-06,10.2,79.5,False,False,False,0,unknown,3,0,6.784964288863963,7.085905049440722,,,,0.24508872898877598,0,0,1.0,0.0
P2_S2_B2_seed1004,S2,B2,1004,3,0.002469723169647402,-5.552114710260752e-05,0.002469723169647402,-5.552114710260752e-05,12.9,78.2,False,False,False,0,unknown,3,0,6.829270822386609,7.086912880096692,,,,0.23711401599575765,0,0,1.0,0.0
P2_S2_B2_seed1005,S2,B2,1005,3,0.002740539820205676,-6.176184607771155e-05,0.002740539820205676,-6.176184607771155e-05,12.5,120.5,False,False,False,0,unknown,3,0,6.800085074038163,6.783009442274638,,,,0.22135193498979788,0,0,1.0,0.0
P2_S2_B2_seed1006,S2,B2,1006,3,0.000796111436367731,-1.765092528822239e-05,0.000796111436367731,-1.765092528822239e-05,12.8,78.6,False,False,False,0,unknown,3,0,6.800085074038163,7.183823106676144,,,,0.2696074780105846,0,0,1.0,0.0
P2_S2_B2_seed1007,S2,B2,1007,3,0.0026100380966934994,-5.877132527681835e-05,0.0026100380966934994,-5.877132527681835e-05,12.6,121.2,False,False,False,0,unknown,3,0,6.800085074038163,6.809775343824895,,,,0.23364033849793486,0,0,1.0,0.0
P2_S2_B2_seed1008,S2,B2,1008,3,1.452489687403837e-05,-3.792751055246641e-07,1.452489687403837e-05,-3.792751055246641e-07,11.5,119.5,False,False,False,0,unknown,3,0,6.800085074038163,7.065436964970269,,,,0.2343573859980097,0,0,1.0,0.0
P2_S2_B2_seed1009,S2,B2,1009,3,0.003275051213889843,-7.459605352080132e-05,0.003275051213889843,-7.459605352080132e-05,14.4,122.1,False,False,False,0,unknown,3,0,6.800085074038163,7.106669917479591,,,,0.23228871851461008,0,0,1.0,0.0
P2_S2_B2_seed1010,S2,B2,1010,3,0.0025656134721690578,-5.77386245563304e-05,0.0025656134721690578,-5.77386245563304e-05,12.4,81.2,False,False,False,0,unknown,3,0,6.829270822386609,7.1489240194625445,,,,0.23493516400048975,0,0,1.0,0.0
P2_S2_B3_seed1001,S2,B3,1001,3,0.003139001007354278,-7.128930510702538e-05,0.003139001007354278,-7.128930510702538e-05,14.0,271.0,True,True,False,0,unknown,3,3,0.5870627275544508,10.780862237163769,5.399999999999994,92.76666666666665,1.1097391248640094,0.0541224259941373,4,0,2.3333333333333335,100.0
P2_S2_B3_seed1002,S2,B3,1002,3,0.0010657439400396608,-2.3566746300863835e-05,0.0010657439400396608,-2.3566746300863835e-05,13.0,269.3,True,True,False,0,unknown,3,3,0.5746202439403709,10.791347947720206,4.366666666666672,89.5,1.1123500685209076,0.04754369933895456,4,0,2.3333333333333335,100.0
P2_S2_B3_seed1003,S2,B3,1003,3,0.0010117313552773569,-2.233947116664049e-05,0.0010117313552773569,-2.233947116664049e-05,12.8,262.6,True,True,False,0,unknown,3,3,0.5748939031107617,10.745762503441718,4.16666666666666,89.73333333333333,1.111761695900878,0.049897306986774005,4,0,2.3333333333333335,100.0
P2_S2_B3_seed1004,S2,B3,1004,3,0.002132146869144584,-4.7608419441917595e-05,0.002132146869144584,-4.7608419441917595e-05,11.1,312.1,True,True,False,0,unknown,3,3,0.5748939031107617,10.7955243864018,3.933333333333328,89.3,1.0996502543803324,0.051286528333245464,4,0,2.3333333333333335,100.0
P2_S2_B3_seed1005,S2,B3,1005,3,0.0003152718627529631,-6.971243938167669e-06,0.0003152718627529631,-6.971243938167669e-06,12.5,309.0,True,True,False,0,unknown,3,3,0.575016128117183,10.775433105635736,4.333333333333336,87.26666666666667,1.1191806113842266,0.049350830658416577,3,0,2.0,100.0
P2_S2_B3_seed1006,S2,B3,1006,3,0.0005663213582282411,-1.2463779091528554e-05,0.0005663213582282411,-1.2463779091528554e-05,13.2,348.6,True,True,False,0,unknown,3,3,0.5930231250609416,10.757578591103716,3.8333333333333286,89.0,1.110993604728404,0.05046208365820348,4,0,2.3333333333333335,100.0
P2_S2_B3_seed1007,S2,B3,1007,3,0.00038237828033135595,-8.351048820848184e-06,0.00038237828033135595,-8.351048820848184e-06,12.6,272.2,True,True,False,0,unknown,3,3,0.5910764127179594,10.744903340656782,4.533333333333329,90.33333333333333,1.1230188642578145,0.05158616833311195,4,0,2.3333333333333335,100.0
P2_S2_B3_seed1008,S2,B3,1008,3,0.0010794530282990523,-2.3909953724549707e-05,0.0010794530282990523,-2.3909953724549707e-05,13.6,317.1,True,True,False,0,unknown,3,3,0.5704711447675619,10.716683746410867,3.93333333333333,89.89999999999999,1.1209185167559719,0.049177875994549446,4,0,2.3333333333333335,100.0
P2_S2_B3_seed1009,S2,B3,1009,3,0.001000493479278051,-2.220012840215951e-05,0.001000493479278051,-2.220012840215951e-05,14.5,308.9,True,True,False,0,unknown,3,3,0.5985880438614019,10.729534874003457,3.8666666666666742,89.96666666666665,1.1316249236288805,0.04867855101474561,4,0,2.3333333333333335,100.0
P2_S2_B3_seed1010,S2,B3,1010,3,0.000513088318085045,-1.1242198398005729e-05,0.000513088318085045,-1.1242198398005729e-05,13.0,263.1,True,True,False,0,unknown,3,3,0.5955984485642088,10.767344480663246,4.166666666666669,90.0,1.1128264421811453,0.05016283234969402,4,0,2.3333333333333335,100.0
P2_S2_P_seed1001,S2,P,1001,3,0.002599904665729962,-5.862171034093532e-05,0.002599904665729962,-5.862171034093532e-05,12.4,352.7,True,True,False,0,unknown,3,3,0.5882278794552102,10.798545324320658,3.733333333333332,93.60000000000001,1.1040011960099358,0.052253193338401616,4,0,2.3333333333333335,100.0
P2_S2_P_seed1002,S2,P,1002,3,2.7006909850535837e-05,-5.893602591656058e-07,2.7006909850535837e-05,-5.893602591656058e-07,10.9,278.3,True,True,False,0,unknown,3,3,0.5857765273831658,10.751196841480827,3.9000000000000057,90.43333333333334,1.1108972106642245,0.0487009683274664,4,0,2.3333333333333335,100.0
P2_S2_P_seed1003,S2,P,1003,3,0.001025434110652548,-2.2679335006865186e-05,0.001025434110652548,-2.2679335006865186e-05,12.6,268.7,True,True,False,0,unknown,3,3,0.5696965240337382,10.775687662219633,3.93333333333333,88.7,1.1007051612813699,0.05036290165541383,4,0,2.3333333333333335,100.0
P2_S2_P_seed1004,S2,P,1004,3,0.0024697230544568067,-5.54273507294091e-05,0.0024697230544568067,-5.54273507294091e-05,12.1,294.1,True,True,False,0,unknown,3,3,0.5748939031107617,10.783021870187914,3.766666666666673,90.86666666666667,1.121510151026321,0.05735011700501976,4,0,2.3333333333333335,100.0
P2_S2_P_seed1005,S2,P,1005,3,0.0010348644312721963,-2.2987171625120818e-05,0.0010348644312721963,-2.2987171625120818e-05,13.7,258.2,True,True,False,0,unknown,3,3,0.5748939031107617,10.747755420352815,3.7333333333333365,88.3,1.110767508953994,0.05000905767277194,4,0,2.3333333333333335,100.0
P2_S2_P_seed1006,S2,P,1006,3,0.0031390437513125757,-7.135843605878128e-05,0.0031390437513125757,-7.135843605878128e-05,14.0,267.0,True,True,False,0,unknown,3,3,0.581741012952263,10.779885893839094,4.7999999999999945,91.03333333333332,1.1146969133755733,0.048874527002529554,4,0,2.3333333333333335,100.0
P2_S2_P_seed1007,S2,P,1007,3,0.0007990019860394942,-1.7590607993715262e-05,0.0007990019860394942,-1.7590607993715262e-05,12.9,268.1,True,True,False,0,unknown,3,3,0.5859214040054681,10.721504929718469,3.833333333333331,88.83333333333333,1.1226099440043384,0.05303037667181343,4,0,2.3333333333333335,100.0
P2_S2_P_seed1008,S2,P,1008,3,1.452489687403837e-05,-3.7927510552433883e-07,1.452489687403837e-05,-3.7927510552433883e-07,11.5,312.8,True,True,False,0,unknown,3,3,0.5911986377243806,10.760971120596558,3.8000000000000065,86.13333333333333,1.1004300001599796,0.05179054867282199,3,0,2.0,100.0
P2_S2_P_seed1009,S2,P,1009,3,0.0008618268829666573,-1.8963977875816642e-05,0.0008618268829666573,-1.8963977875816642e-05,13.4,349.2,True,True,False,0,unknown,3,3,0.5906980510656897,10.763774243251225,4.2,91.26666666666667,1.1166246160107494,0.04954831400148881,4,0,2.3333333333333335,100.0
P2_S2_P_seed1010,S2,P,1010,3,3.190141504722801e-05,-6.747425155747482e-07,3.190141504722801e-05,-6.747425155747482e-07,12.0,285.2,False,False,False,0,unknown,3,3,0.5639842782646148,10.771732112217839,3.5999999999999965,89.3,1.1328278204174227,0.04576766198927847,4,0,2.3333333333333335,100.0
P2_S3_B1_seed1001,S3,B1,1001,3,0.0010259822429328728,-2.2751928121012634e-05,0.0010259822429328728,-2.2751928121012634e-05,13.6,304.2,False,False,False,0,unknown,3,1,,1.114170828526768,9.600000000000001,14.899999999999999,1.0799612617876444,,0,0,1.0,33.333333333333336
P2_S3_B1_seed1002,S3,B1,1002,3,0.00037515928995783586,-8.266448206954397e-06,0.00037515928995783586,-8.266448206954397e-06,12.6,199.8,False,False,False,0,unknown,3,1,,1.048624175708607,9.8,15.100000000000001,1.070976121484112,,0,0,1.0,33.333333333333336
P2_S3_B1_seed1003,S3,B1,1003,3,0.0024697230946352346,-5.546486928650944e-05,0.0024697230946352346,-5.546486928650944e-05,12.3,178.2,False,False,False,0,unknown,3,3,,10.943560146377584,47.0,79.5,1.0899709471606276,,0,0,1.0,100.0
P2_S3_B1_seed1004,S3,B1,1004,3,0.003011006954683963,-6.826426128031837e-05,0.003011006954683963,-6.826426128031837e-05,14.1,199.3,False,False,False,0,unknown,3,1,,1.087902409276358,9.7,15.0,1.078140725568511,,0,0,1.0,33.333333333333336
P2_S3_B1_seed1005,S3,B1,1005,3,0.0008839838579254271,-1.9602420432262223e-05,0.0008839838579254271,-1.9602420432262223e-05,13.4,177.2,False,False,False,0,unknown,3,3,,10.893158173429024,45.46666666666666,77.36666666666666,1.095070098244043,,0,0,1.0,100.0
P2_S3_B1_seed1006,S3,B1,1006,3,0.0010372721622598125,-2.3013079079416024e-05,0.0010372721622598125,-2.3013079079416024e-05,12.7,269.4,False,False,False,0,unknown,3,1,,1.0752412165542882,9.699999999999996,14.999999999999996,1.079140422704044,,0,0,1.0,33.333333333333336
P2_S3_B1_seed1007,S3,B1,1007,3,0.0009657748886142373,-2.1359927064771172e-05,0.0009657748886142373,-2.1359927064771172e-05,13.3,281.7,False,False,False,0,unknown,3,1,,1.0881966383249249,9.8,15.100000000000001,1.0750330791696265,,0,0,1.0,33.333333333333336
P2_S3_B1_seed1008,S3,B1,1008,3,0.0004516268399393044,-9.83983792233697e-06,0.0004516268399393044,-9.83983792233697e-06,12.9,195.4,False,False,False,0,unknown,3,1,,1.0561719155468534,9.8,15.100000000000001,1.0699854248267258,,0,0,1.0,33.333333333333336
P2_S3_B1_seed1009,S3,B1,1009,3,0.0026736374369300225,-6.0281154902588384e-05,0.0026736374369300225,-6.0281154902588384e-05,12.8,170.9,False,False,False,0,unknown,3,1,,1.0241241025249246,9.2,14.5,1.1460509002465236,,0,0,1.0,33.333333333333336
P2_S3_B1_seed1010,S3,B1,1010,3,0.0010199923162303,-2.2625818769395143e-05,0.0010199923162303,-2.2625818769395143e-05,14.3,199.3,False,False,False,0,unknown,3,1,,1.050988765687004,9.499999999999996,14.799999999999997,1.0863935572923735,,0,0,1.0,33.333333333333336
P2_S3_B2_seed1001,S3,B2,1001,3,0.0010280343102086747,-2.2925277641989655e-05,0.0010280343102086747,-2.2925277641989655e-05,14.6,79.7,False,True,False,0,unknown,3,0,3.169875174869212,2.9715626071015873,,,,0.20340214198222384,0,0,1.0,0.0
P2_S3_B2_seed1002,S3,B2,1002,3,0.0025728526929999765,-5.786043086869687e-05,0.0025728526929999765,-5.786043086869687e-05,12.2,57.1,False,False,False,0,unknown,3,0,3.169875174869212,2.9629169917128007,,,,0.20587703998899087,0,0,1.0,0.0
P2_S3_B2_seed1003,S3,B2,1003,3,0.00253723823199113,-5.710031484770609e-05,0.00253723823199113,-5.710031484770609e-05,13.1,59.6,False,True,False,0,unknown,3,0,3.169875174869212,2.952058179214806,,,,0.2199589840020053,0,0,1.0,0.0
P2_S3_B2_seed1004,S3,B2,1004,3,0.0009485637454774001,-2.1083901869696472e-05,0.0009485637454774001,-2.1083901869696472e-05,14.0,250.5,False,False,False,0,unknown,3,0,3.169875174869212,2.9281072313904275,,,,0.21128343700547703,0,0,1.0,0.0
P2_S3_B2_seed1005,S3,B2,1005,3,0.0010166271875261539,-2.249456991521734e-05,0.0010166271875261539,-2.249456991521734e-05,14.4,57.8,False,False,False,0,unknown,3,0,3.169875174869212,2.9592207085929245,,,,0.2126830500201322,0,0,1.0,0.0
P2_S3_B2_seed1006,S3,B2,1006,3,0.0010181998771300216,-2.261007947882083e-05,0.0010181998771300216,-2.261007947882083e-05,14.8,62.9,False,True,False,0,unknown,3,0,3.169875174869212,2.9328679325014315,,,,0.21396360601647757,0,0,1.0,0.0
P2_S3_B2_seed1007,S3,B2,1007,3,0.0010391471868154245,-2.2994478464240975e-05,0.0010391471868154245,-2.2994478464240975e-05,13.0,52.2,False,False,False,0,unknown,3,0,3.169875174869212,2.9702860402009432,,,,0.2242833240015898,0,0,1.0,0.0
P2_S3_B2_seed1008,S3,B2,1008,3,0.002566634927045088,-5.7824350930441276e-05,0.002566634927045088,-5.7824350930441276e-05,12.4,115.1,False,True,False,0,unknown,3,0,3.169875174869212,2.9986355490298293,,,,0.2111029860097915,0,0,1.0,0.0
P2_S3_B2_seed1009,S3,B2,1009,3,0.001026257192936675,-2.2745377670948944e-05,0.001026257192936675,-2.2745377670948944e-05,13.1,66.7,False,True,False,0,unknown,3,0,3.169875174869212,2.9786197673515615,,,,0.21202407201053575,0,0,1.0,0.0
P2_S3_B2_seed1010,S3,B2,1010,3,0.0010319718185605054,-2.2864452055817706e-05,0.0010319718185605054,-2.2864452055817706e-05,12.6,58.6,False,True,False,0,unknown,3,0,3.169875174869212,2.9823136148362,,,,0.2084312530059833,0,0,1.0,0.0
P2_S3_B3_seed1001,S3,B3,1001,3,0.0007896189581263406,-1.7368117414433984e-05,0.0007896189581263406,-1.7368117414433984e-05,12.7,140.5,False,False,False,0,unknown,3,2,0.6019768717611707,5.205108906460771,3.4499999999999993,52.199999999999996,1.0911437230323195,0.05122659250628203,3,0,2.0,66.66666666666667
P2_S3_B3_seed1002,S3,B3,1002,3,0.0029042092623361646,-6.585348348607601e-05,0.0029042092623361646,-6.585348348607601e-05,14.2,135.0,False,False,False,0,unknown,3,2,7.554954949623127,4.536154285352793,3.9500000000000064,51.1,1.116071010847381,1.8780327416510165,4,0,2.3333333333333335,66.66666666666667
P2_S3_B3_seed1003,S3,B3,1003,3,0.0026871403921642735,-6.057786744396876e-05,0.0026871403921642735,-6.057786744396876e-05,12.6,142.5,False,False,False,0,unknown,3,2,0.6166903700835661,5.172700491635137,4.0000000000000036,52.65,1.1126358390175302,0.04881844199553598,3,0,2.0,66.66666666666667
P2_S3_B3_seed1004,S3,B3,1004,3,0.0010187485633650574,-2.2559672175722403e-05,0.0010187485633650574,-2.2559672175722403e-05,12.9,141.2,False,False,False,0,unknown,3,2,0.5951659201735318,5.199789082714215,4.050000000000001,53.45,1.1111452040031602,0.05173264950281009,3,0,2.0,66.66666666666667
P2_S3_B3_seed1005,S3,B3,1005,3,0.00246972311767337,-5.548362856168916e-05,0.00246972311767337,-5.548362856168916e-05,12.5,139.8,False,False,False,0,unknown,3,2,7.491772916715057,4.799150532254964,3.4499999999999993,55.45,1.11181861715069,2.912056628333327,3,0,2.0,66.66666666666667
P2_S3_B3_seed1006,S3,B3,1006,3,0.0010322460433392626,-2.288124591008583e-05,0.0010322460433392626,-2.288124591008583e-05,12.6,131.6,False,False,False,0,unknown,3,2,7.586569119922721,4.562832453083999,3.4000000000000057,49.9,1.1258530730902914,1.870965389990791,4,0,2.3333333333333335,66.66666666666667
P2_S3_B3_seed1007,S3,B3,1007,3,0.0008540403427168533,-1.897463355121705e-05,0.0008540403427168533,-1.897463355121705e-05,14.2,138.5,False,False,False,0,unknown,3,2,0.6091418423515031,5.143565857969654,4.650000000000002,50.25,1.14435280306872,0.04817141500825528,3,0,2.0,66.66666666666667
P2_S3_B3_seed1008,S3,B3,1008,3,0.002807093538228396,-6.343080402659893e-05,0.002807093538228396,-6.343080402659893e-05,13.9,136.5,False,False,False,0,unknown,3,2,0.6337577355619729,5.181552270699338,3.1999999999999993,52.45,1.1137782223210067,0.05142569247982465,3,0,2.0,66.66666666666667
P2_S3_B3_seed1009,S3,B3,1009,3,0.0010200380395638496,-2.2674404919689054e-05,0.0010200380395638496,-2.2674404919689054e-05,12.5,152.9,False,True,False,0,unknown,3,2,0.6357315317340718,5.150568408239471,4.399999999999995,51.25,1.1209897697815305,0.04652141750557348,2,0,1.6666666666666667,66.66666666666667
P2_S3_B3_seed1010,S3,B3,1010,3,0.002599904688028274,-5.8641518298313796e-05,0.002599904688028274,-5.8641518298313796e-05,12.6,239.8,False,False,False,0,unknown,3,3,7.905816535551679,10.924618470329653,29.200000000000006,92.93333333333335,1.115360806876268,2.2214755683380645,3,0,2.0,100.0
P2_S3_P_seed1001,S3,P,1001,3,0.0024693144889687997,-5.539158537125815e-05,0.0024693144889687997,-5.539158537125815e-05,11.9,254.6,False,False,False,0,unknown,3,2,7.711447637161026,3.919155816541585,4.400000000000002,50.099999999999994,1.1155568959250945,0.13984331300404543,8,0,2.6666666666666665,66.66666666666667
P2_S3_P_seed1002,S3,P,1002,3,0.0010327242227022562,-2.2909114400024197e-05,0.0010327242227022562,-2.2909114400024197e-05,12.5,231.3,False,False,False,0,unknown,3,3,0.7175624185880579,10.908186329679921,2.3999999999999986,94.36666666666666,1.1141922007409788,0.057844352326355875,4,0,2.3333333333333335,100.0
P2_S3_P_seed1003,S3,P,1003,3,0.0010127538916691985,-2.2435209807204468e-05,0.0010127538916691985,-2.2435209807204468e-05,12.9,237.2,False,False,False,0,unknown,3,3,0.6656448826037861,10.934968002904535,2.3999999999999937,95.89999999999999,1.1292430745263478,0.05681963866421332,5,0,2.6666666666666665,100.0
P2_S3_P_seed1004,S3,P,1004,3,2.700691558226298e-05,-5.91149245663423e-07,2.700691558226298e-05,-5.91149245663423e-07,12.0,297.2,True,True,False,0,unknown,3,3,0.5664222779245641,10.794526420451014,2.766666666666668,95.2,1.108150738384447,0.050722909674126036,5,0,2.6666666666666665,100.0
P2_S3_P_seed1005,S3,P,1005,3,0.0010052912352958546,-2.237813541466274e-05,0.0010052912352958546,-2.237813541466274e-05,12.9,235.0,False,False,False,0,unknown,3,3,0.5888421007458385,10.869187341727246,3.1333333333333377,96.7,1.1214703738987808,0.051621146994875744,5,0,2.6666666666666665,100.0
P2_S3_P_seed1006,S3,P,1006,3,0.0026401634369665706,-5.944402597945412e-05,0.0026401634369665706,-5.944402597945412e-05,12.6,278.0,True,True,False,0,unknown,3,3,0.5750117791593211,10.721435619945353,3.8000000000000065,96.60000000000001,1.1157574720263594,0.048392069991678,4,0,2.3333333333333335,100.0
P2_S3_P_seed1007,S3,P,1007,3,0.0008679481824923275,-1.9189151777643238e-05,0.0008679481824923275,-1.9189151777643238e-05,14.3,240.8,False,False,False,0,unknown,3,3,0.5724103790881873,10.801771522335585,2.599999999999992,95.63333333333333,1.1337757282167276,0.04921441800737133,5,0,2.6666666666666665,100.0
P2_S3_P_seed1008,S3,P,1008,3,0.000513088318085045,-1.1242198398005729e-05,0.000513088318085045,-1.1242198398005729e-05,13.0,268.3,False,False,False,0,unknown,3,3,0.611540425231731,11.096522452815824,3.3999999999999937,97.39999999999999,1.1217179618005169,0.0555962219950743,4,0,2.3333333333333335,100.0
P2_S3_P_seed1009,S3,P,1009,3,0.0009810562555822829,-2.1825788384003072e-05,0.0009810562555822829,-2.1825788384003072e-05,14.5,241.6,False,False,False,0,unknown,3,3,0.6587552219729943,10.98231170918541,2.3666666666666694,95.26666666666665,1.1265863893838708,0.060585127997910604,5,0,2.6666666666666665,100.0
P2_S3_P_seed1010,S3,P,1010,3,0.0005931285768279835,-1.3025402978734808e-05,0.0005931285768279835,-1.3025402978734808e-05,13.2,276.7,False,False,False,0,unknown,3,3,0.5986328645722949,10.797132968512585,3.9666666666666615,97.53333333333335,1.113676687918021,0.05246094398899004,4,0,2.3333333333333335,100.0
