run_id,scenario,method,seed,target_count,start_x,start_y,home_x,home_y,mission_start_time,mission_end_time,mission_completed,returned_home,manual_intervention,collision_count,software_commit
P2_S1_B1_seed1001,S1,B1,1001,3,0.0025656134515690794,-5.771910925634972e-05,0.0025656134515690794,-5.771910925634972e-05,12.2,207.0,True,True,False,0,unknown
P2_S1_B1_seed1002,S1,B1,1002,3,0.0026528952473187694,-5.9842478379871876e-05,0.0026528952473187694,-5.9842478379871876e-05,12.9,223.5,False,True,False,0,unknown
P2_S1_B1_seed1003,S1,B1,1003,3,0.002566634927045088,-5.7824350930441845e-05,0.002566634927045088,-5.7824350930441845e-05,12.4,134.6,False,False,False,0,unknown
P2_S1_B1_seed1004,S1,B1,1004,3,0.0008927970287684818,-1.991921265933045e-05,0.0008927970287684818,-1.991921265933045e-05,15.8,229.2,False,True,False,0,unknown
P2_S1_B1_seed1005,S1,B1,1005,3,0.0010127527696661527,-2.244289031149683e-05,0.0010127527696661527,-2.244289031149683e-05,13.0,222.5,False,True,False,0,unknown
P2_S1_B1_seed1006,S1,B1,1006,3,0.001011286962240202,-2.247943767448548e-05,0.001011286962240202,-2.247943767448548e-05,12.3,222.0,False,True,False,0,unknown
P2_S1_B1_seed1007,S1,B1,1007,3,0.002504362297469778,-5.6382296838874786e-05,0.002504362297469778,-5.6382296838874786e-05,12.7,227.8,True,True,False,0,unknown
P2_S1_B1_seed1008,S1,B1,1008,3,8.60895816011315e-06,-2.116770892748075e-07,8.60895816011315e-06,-2.116770892748075e-07,11.5,196.6,False,False,False,0,unknown
P2_S1_B1_seed1009,S1,B1,1009,3,0.001001027552304219,-2.2253648244599355e-05,0.001001027552304219,-2.2253648244599355e-05,12.9,199.5,True,True,False,0,unknown
P2_S1_B1_seed1010,S1,B1,1010,3,0.0008309470986605042,-1.8337943756058993e-05,0.0008309470986605042,-1.8337943756058993e-05,12.7,319.9,False,True,False,0,unknown
P2_S1_B2_seed1001,S1,B2,1001,3,0.0010365470871592233,-2.2892506145968688e-05,0.0010365470871592233,-2.2892506145968688e-05,14.7,164.4,False,True,False,0,unknown
P2_S1_B2_seed1002,S1,B2,1002,3,0.0026736375709674296,-6.0392855683714207e-05,0.0026736375709674296,-6.0392855683714207e-05,13.9,286.0,False,True,False,0,unknown
P2_S1_B2_seed1003,S1,B2,1003,3,0.0034158892361498827,-7.789012255801921e-05,0.0034158892361498827,-7.789012255801921e-05,17.1,174.0,False,True,False,0,unknown
P2_S1_B2_seed1004,S1,B2,1004,3,0.0010260338165840417,-2.279886655528161e-05,0.0010260338165840417,-2.279886655528161e-05,12.5,141.7,False,False,False,0,unknown
P2_S1_B2_seed1005,S1,B2,1005,3,0.001031008207230856,-2.2829039301051265e-05,0.001031008207230856,-2.2829039301051265e-05,12.3,167.6,False,True,False,0,unknown
P2_S1_B2_seed1006,S1,B2,1006,3,0.0024987110004970996,-5.619096184976146e-05,0.0024987110004970996,-5.619096184976146e-05,12.0,75.6,False,False,False,0,unknown
P2_S1_B2_seed1007,S1,B2,1007,3,0.0008053098998070566,-1.7807147454785037e-05,0.0008053098998070566,-1.7807147454785037e-05,12.3,154.8,False,True,False,0,unknown
P2_S1_B2_seed1008,S1,B2,1008,3,0.0008078135526540645,-1.7734357734346137e-05,0.0008078135526540645,-1.7734357734346137e-05,12.6,306.7,False,True,False,0,unknown
P2_S1_B2_seed1009,S1,B2,1009,3,0.0025323896920361635,-5.706112416800042e-05,0.0025323896920361635,-5.706112416800042e-05,12.4,220.5,False,False,False,0,unknown
P2_S1_B2_seed1010,S1,B2,1010,3,1.5894410533435806e-05,-4.6073782830181196e-07,1.5894410533435806e-05,-4.6073782830181196e-07,11.5,156.4,False,True,False,0,unknown
P2_S1_B3_seed1001,S1,B3,1001,3,0.003089292184432826,-7.033224228623791e-05,0.003089292184432826,-7.033224228623791e-05,15.8,129.7,False,False,False,0,unknown
P2_S1_B3_seed1002,S1,B3,1002,3,0.00249809855824645,-5.622679351667163e-05,0.00249809855824645,-5.622679351667163e-05,12.9,425.9,True,True,False,0,unknown
P2_S1_B3_seed1003,S1,B3,1003,3,0.0025384033046378573,-5.71468308885725e-05,0.0025384033046378573,-5.71468308885725e-05,12.9,325.3,False,False,False,0,unknown
P2_S1_B3_seed1004,S1,B3,1004,3,0.002504362250048251,-5.634418969916167e-05,0.002504362250048251,-5.634418969916167e-05,12.3,477.8,False,True,False,0,unknown
P2_S1_B3_seed1005,S1,B3,1005,3,0.0025664304362746563,-5.780640982356156e-05,0.0025664304362746563,-5.780640982356156e-05,12.4,362.0,False,False,False,0,unknown
P2_S1_B3_seed1006,S1,B3,1006,3,0.0010443798253969093,-2.308385143786735e-05,0.0010443798253969093,-2.308385143786735e-05,12.2,421.3,False,True,False,0,unknown
P2_S1_B3_seed1007,S1,B3,1007,3,2.5985475176205613e-05,-5.065646711120656e-07,2.5985475176205613e-05,-5.065646711120656e-07,11.6,413.1,False,False,False,0,unknown
P2_S1_B3_seed1008,S1,B3,1008,3,0.0009389725437197685,-2.07940309781175e-05,0.0009389725437197685,-2.07940309781175e-05,13.9,380.9,False,False,False,0,unknown
P2_S1_B3_seed1009,S1,B3,1009,3,0.003144258138584431,-7.125835846623577e-05,0.003144258138584431,-7.125835846623577e-05,13.7,306.4,False,False,False,0,unknown
P2_S1_B3_seed1010,S1,B3,1010,3,0.0025384032319509045,-5.708892256798296e-05,0.0025384032319509045,-5.708892256798296e-05,12.3,352.4,False,False,False,0,unknown
P2_S1_P_seed1001,S1,P,1001,3,0.0005646567321488014,-1.2488004354501812e-05,0.0005646567321488014,-1.2488004354501812e-05,13.0,341.7,False,False,False,0,unknown
P2_S1_P_seed1002,S1,P,1002,3,0.00026767792729294416,-5.791715095488101e-06,0.00026767792729294416,-5.791715095488101e-06,15.2,356.9,False,False,False,0,unknown
P2_S1_P_seed1003,S1,P,1003,3,0.002537033759432728,-5.696676516989246e-05,0.002537033759432728,-5.696676516989246e-05,12.0,1130.0,False,False,False,0,unknown
P2_S1_P_seed1004,S1,P,1004,3,0.00021844600253427063,-4.911785828661213e-06,0.00021844600253427063,-4.911785828661213e-06,15.1,467.5,False,False,False,0,unknown
P2_S1_P_seed1005,S1,P,1005,3,0.0010238662786769327,-2.25516462922219e-05,0.0010238662786769327,-2.25516462922219e-05,12.4,363.6,False,False,False,0,unknown
P2_S1_P_seed1006,S1,P,1006,3,0.0025656134330146476,-5.769959395452016e-05,0.0025656134330146476,-5.769959395452016e-05,12.0,632.1,False,False,False,0,unknown
P2_S1_P_seed1007,S1,P,1007,3,0.0010010274666580673,-2.2223048127079277e-05,0.0010010274666580673,-2.2223048127079277e-05,12.1,382.5,False,False,False,0,unknown
P2_S1_P_seed1008,S1,P,1008,3,0.0008221391460912477,-1.8261468559558093e-05,0.0008221391460912477,-1.8261468559558093e-05,13.4,282.3,False,False,False,0,unknown
P2_S1_P_seed1009,S1,P,1009,3,0.0008117768135144461,-1.8015380120045232e-05,0.0008117768135144461,-1.8015380120045232e-05,13.0,416.2,True,True,False,0,unknown
P2_S1_P_seed1010,S1,P,1010,3,0.000986683555320179,-2.1776496715899067e-05,0.000986683555320179,-2.1776496715899067e-05,12.8,369.7,False,True,False,0,unknown
P2_S2_B1_seed1001,S2,B1,1001,3,7.285454095971131e-06,-2.4902750690563265e-07,7.285454095971131e-06,-2.4902750690563265e-07,11.5,199.2,False,False,False,0,unknown
P2_S2_B1_seed1002,S2,B1,1002,3,0.0003167554619835967,-6.803593277152373e-06,0.0003167554619835967,-6.803593277152373e-06,12.4,238.5,True,True,False,0,unknown
P2_S2_B1_seed1003,S2,B1,1003,3,0.0025051335198622523,-5.634040538273581e-05,0.0025051335198622523,-5.634040538273581e-05,12.8,195.3,False,False,False,0,unknown
P2_S2_B1_seed1004,S2,B1,1004,3,0.002469723094635235,-5.546486928651016e-05,0.002469723094635235,-5.546486928651016e-05,12.3,237.4,True,True,False,0,unknown
P2_S2_B1_seed1005,S2,B1,1005,3,0.003178140363027908,-7.216956435062081e-05,0.003178140363027908,-7.216956435062081e-05,14.1,199.6,False,False,False,0,unknown
P2_S2_B1_seed1006,S2,B1,1006,3,0.0007499261718511184,-1.656091957938654e-05,0.0007499261718511184,-1.656091957938654e-05,13.7,195.3,False,False,False,0,unknown
P2_S2_B1_seed1007,S2,B1,1007,3,0.003482442439319936,-7.94379240203448e-05,0.003482442439319936,-7.94379240203448e-05,15.1,199.1,False,False,False,0,unknown
P2_S2_B1_seed1008,S2,B1,1008,3,0.0025029929221659485,-5.6279605533981235e-05,0.0025029929221659485,-5.6279605533981235e-05,12.5,199.9,False,False,False,0,unknown
P2_S2_B1_seed1009,S2,B1,1009,3,0.000995928455605092,-2.213671576461732e-05,0.000995928455605092,-2.213671576461732e-05,12.5,195.6,False,False,False,0,unknown
P2_S2_B1_seed1010,S2,B1,1010,3,0.0010532626082831538,-2.334511999505789e-05,0.0010532626082831538,-2.334511999505789e-05,12.9,195.9,False,False,False,0,unknown
P2_S2_B2_seed1001,S2,B2,1001,3,1.3695147285134504e-06,-8.141500904966399e-08,1.3695147285134504e-06,-8.141500904966399e-08,11.4,187.5,False,False,False,0,unknown
P2_S2_B2_seed1002,S2,B2,1002,3,0.0007802597735235544,-1.728586622538984e-05,0.0007802597735235544,-1.728586622538984e-05,13.8,83.3,False,False,False,0,unknown
P2_S2_B2_seed1003,S2,B2,1003,3,5.4013809249557745e-05,-1.17898637511883e-06,5.4013809249557745e-05,-1.17898637511883e-06,10.2,79.5,False,False,False,0,unknown
P2_S2_B2_seed1004,S2,B2,1004,3,0.002469723169647402,-5.552114710260752e-05,0.002469723169647402,-5.552114710260752e-05,12.9,78.2,False,False,False,0,unknown
P2_S2_B2_seed1005,S2,B2,1005,3,0.002740539820205676,-6.176184607771155e-05,0.002740539820205676,-6.176184607771155e-05,12.5,120.5,False,False,False,0,unknown
P2_S2_B2_seed1006,S2,B2,1006,3,0.000796111436367731,-1.765092528822239e-05,0.000796111436367731,-1.765092528822239e-05,12.8,78.6,False,False,False,0,unknown
P2_S2_B2_seed1007,S2,B2,1007,3,0.0026100380966934994,-5.877132527681835e-05,0.0026100380966934994,-5.877132527681835e-05,12.6,121.2,False,False,False,0,unknown
P2_S2_B2_seed1008,S2,B2,1008,3,1.452489687403837e-05,-3.792751055246641e-07,1.452489687403837e-05,-3.792751055246641e-07,11.5,119.5,False,False,False,0,unknown
P2_S2_B2_seed1009,S2,B2,1009,3,0.003275051213889843,-7.459605352080132e-05,0.003275051213889843,-7.459605352080132e-05,14.4,122.1,False,False,False,0,unknown
P2_S2_B2_seed1010,S2,B2,1010,3,0.0025656134721690578,-5.77386245563304e-05,0.0025656134721690578,-5.77386245563304e-05,12.4,81.2,False,False,False,0,unknown
P2_S2_B3_seed1001,S2,B3,1001,3,0.003139001007354278,-7.128930510702538e-05,0.003139001007354278,-7.128930510702538e-05,14.0,271.0,True,True,False,0,unknown
P2_S2_B3_seed1002,S2,B3,1002,3,0.0010657439400396608,-2.3566746300863835e-05,0.0010657439400396608,-2.3566746300863835e-05,13.0,269.3,True,True,False,0,unknown
P2_S2_B3_seed1003,S2,B3,1003,3,0.0010117313552773569,-2.233947116664049e-05,0.0010117313552773569,-2.233947116664049e-05,12.8,262.6,True,True,False,0,unknown
P2_S2_B3_seed1004,S2,B3,1004,3,0.002132146869144584,-4.7608419441917595e-05,0.002132146869144584,-4.7608419441917595e-05,11.1,312.1,True,True,False,0,unknown
P2_S2_B3_seed1005,S2,B3,1005,3,0.0003152718627529631,-6.971243938167669e-06,0.0003152718627529631,-6.971243938167669e-06,12.5,309.0,True,True,False,0,unknown
P2_S2_B3_seed1006,S2,B3,1006,3,0.0005663213582282411,-1.2463779091528554e-05,0.0005663213582282411,-1.2463779091528554e-05,13.2,348.6,True,True,False,0,unknown
P2_S2_B3_seed1007,S2,B3,1007,3,0.00038237828033135595,-8.351048820848184e-06,0.00038237828033135595,-8.351048820848184e-06,12.6,272.2,True,True,False,0,unknown
P2_S2_B3_seed1008,S2,B3,1008,3,0.0010794530282990523,-2.3909953724549707e-05,0.0010794530282990523,-2.3909953724549707e-05,13.6,317.1,True,True,False,0,unknown
P2_S2_B3_seed1009,S2,B3,1009,3,0.001000493479278051,-2.220012840215951e-05,0.001000493479278051,-2.220012840215951e-05,14.5,308.9,True,True,False,0,unknown
P2_S2_B3_seed1010,S2,B3,1010,3,0.000513088318085045,-1.1242198398005729e-05,0.000513088318085045,-1.1242198398005729e-05,13.0,263.1,True,True,False,0,unknown
P2_S2_P_seed1001,S2,P,1001,3,0.002599904665729962,-5.862171034093532e-05,0.002599904665729962,-5.862171034093532e-05,12.4,352.7,True,True,False,0,unknown
P2_S2_P_seed1002,S2,P,1002,3,2.7006909850535837e-05,-5.893602591656058e-07,2.7006909850535837e-05,-5.893602591656058e-07,10.9,278.3,True,True,False,0,unknown
P2_S2_P_seed1003,S2,P,1003,3,0.001025434110652548,-2.2679335006865186e-05,0.001025434110652548,-2.2679335006865186e-05,12.6,268.7,True,True,False,0,unknown
P2_S2_P_seed1004,S2,P,1004,3,0.0024697230544568067,-5.54273507294091e-05,0.0024697230544568067,-5.54273507294091e-05,12.1,294.1,True,True,False,0,unknown
P2_S2_P_seed1005,S2,P,1005,3,0.0010348644312721963,-2.2987171625120818e-05,0.0010348644312721963,-2.2987171625120818e-05,13.7,258.2,True,True,False,0,unknown
P2_S2_P_seed1006,S2,P,1006,3,0.0031390437513125757,-7.135843605878128e-05,0.0031390437513125757,-7.135843605878128e-05,14.0,267.0,True,True,False,0,unknown
P2_S2_P_seed1007,S2,P,1007,3,0.0007990019860394942,-1.7590607993715262e-05,0.0007990019860394942,-1.7590607993715262e-05,12.9,268.1,True,True,False,0,unknown
P2_S2_P_seed1008,S2,P,1008,3,1.452489687403837e-05,-3.7927510552433883e-07,1.452489687403837e-05,-3.7927510552433883e-07,11.5,312.8,True,True,False,0,unknown
P2_S2_P_seed1009,S2,P,1009,3,0.0008618268829666573,-1.8963977875816642e-05,0.0008618268829666573,-1.8963977875816642e-05,13.4,349.2,True,True,False,0,unknown
P2_S2_P_seed1010,S2,P,1010,3,3.190141504722801e-05,-6.747425155747482e-07,3.190141504722801e-05,-6.747425155747482e-07,12.0,285.2,False,False,False,0,unknown
P2_S3_B1_seed1001,S3,B1,1001,3,0.0010259822429328728,-2.2751928121012634e-05,0.0010259822429328728,-2.2751928121012634e-05,13.6,304.2,False,False,False,0,unknown
P2_S3_B1_seed1002,S3,B1,1002,3,0.00037515928995783586,-8.266448206954397e-06,0.00037515928995783586,-8.266448206954397e-06,12.6,199.8,False,False,False,0,unknown
P2_S3_B1_seed1003,S3,B1,1003,3,0.0024697230946352346,-5.546486928650944e-05,0.0024697230946352346,-5.546486928650944e-05,12.3,178.2,False,False,False,0,unknown
P2_S3_B1_seed1004,S3,B1,1004,3,0.003011006954683963,-6.826426128031837e-05,0.003011006954683963,-6.826426128031837e-05,14.1,199.3,False,False,False,0,unknown
P2_S3_B1_seed1005,S3,B1,1005,3,0.0008839838579254271,-1.9602420432262223e-05,0.0008839838579254271,-1.9602420432262223e-05,13.4,177.2,False,False,False,0,unknown
P2_S3_B1_seed1006,S3,B1,1006,3,0.0010372721622598125,-2.3013079079416024e-05,0.0010372721622598125,-2.3013079079416024e-05,12.7,269.4,False,False,False,0,unknown
P2_S3_B1_seed1007,S3,B1,1007,3,0.0009657748886142373,-2.1359927064771172e-05,0.0009657748886142373,-2.1359927064771172e-05,13.3,281.7,False,False,False,0,unknown
P2_S3_B1_seed1008,S3,B1,1008,3,0.0004516268399393044,-9.83983792233697e-06,0.0004516268399393044,-9.83983792233697e-06,12.9,195.4,False,False,False,0,unknown
P2_S3_B1_seed1009,S3,B1,1009,3,0.0026736374369300225,-6.0281154902588384e-05,0.0026736374369300225,-6.0281154902588384e-05,12.8,170.9,False,False,False,0,unknown
P2_S3_B1_seed1010,S3,B1,1010,3,0.0010199923162303,-2.2625818769395143e-05,0.0010199923162303,-2.2625818769395143e-05,14.3,199.3,False,False,False,0,unknown
P2_S3_B2_seed1001,S3,B2,1001,3,0.0010280343102086747,-2.2925277641989655e-05,0.0010280343102086747,-2.2925277641989655e-05,14.6,79.7,False,True,False,0,unknown
P2_S3_B2_seed1002,S3,B2,1002,3,0.0025728526929999765,-5.786043086869687e-05,0.0025728526929999765,-5.786043086869687e-05,12.2,57.1,False,False,False,0,unknown
P2_S3_B2_seed1003,S3,B2,1003,3,0.00253723823199113,-5.710031484770609e-05,0.00253723823199113,-5.710031484770609e-05,13.1,59.6,False,True,False,0,unknown
P2_S3_B2_seed1004,S3,B2,1004,3,0.0009485637454774001,-2.1083901869696472e-05,0.0009485637454774001,-2.1083901869696472e-05,14.0,250.5,False,False,False,0,unknown
P2_S3_B2_seed1005,S3,B2,1005,3,0.0010166271875261539,-2.249456991521734e-05,0.0010166271875261539,-2.249456991521734e-05,14.4,57.8,False,False,False,0,unknown
P2_S3_B2_seed1006,S3,B2,1006,3,0.0010181998771300216,-2.261007947882083e-05,0.0010181998771300216,-2.261007947882083e-05,14.8,62.9,False,True,False,0,unknown
P2_S3_B2_seed1007,S3,B2,1007,3,0.0010391471868154245,-2.2994478464240975e-05,0.0010391471868154245,-2.2994478464240975e-05,13.0,52.2,False,False,False,0,unknown
P2_S3_B2_seed1008,S3,B2,1008,3,0.002566634927045088,-5.7824350930441276e-05,0.002566634927045088,-5.7824350930441276e-05,12.4,115.1,False,True,False,0,unknown
P2_S3_B2_seed1009,S3,B2,1009,3,0.001026257192936675,-2.2745377670948944e-05,0.001026257192936675,-2.2745377670948944e-05,13.1,66.7,False,True,False,0,unknown
P2_S3_B2_seed1010,S3,B2,1010,3,0.0010319718185605054,-2.2864452055817706e-05,0.0010319718185605054,-2.2864452055817706e-05,12.6,58.6,False,True,False,0,unknown
P2_S3_B3_seed1001,S3,B3,1001,3,0.0007896189581263406,-1.7368117414433984e-05,0.0007896189581263406,-1.7368117414433984e-05,12.7,140.5,False,False,False,0,unknown
P2_S3_B3_seed1002,S3,B3,1002,3,0.0029042092623361646,-6.585348348607601e-05,0.0029042092623361646,-6.585348348607601e-05,14.2,135.0,False,False,False,0,unknown
P2_S3_B3_seed1003,S3,B3,1003,3,0.0026871403921642735,-6.057786744396876e-05,0.0026871403921642735,-6.057786744396876e-05,12.6,142.5,False,False,False,0,unknown
P2_S3_B3_seed1004,S3,B3,1004,3,0.0010187485633650574,-2.2559672175722403e-05,0.0010187485633650574,-2.2559672175722403e-05,12.9,141.2,False,False,False,0,unknown
P2_S3_B3_seed1005,S3,B3,1005,3,0.00246972311767337,-5.548362856168916e-05,0.00246972311767337,-5.548362856168916e-05,12.5,139.8,False,False,False,0,unknown
P2_S3_B3_seed1006,S3,B3,1006,3,0.0010322460433392626,-2.288124591008583e-05,0.0010322460433392626,-2.288124591008583e-05,12.6,131.6,False,False,False,0,unknown
P2_S3_B3_seed1007,S3,B3,1007,3,0.0008540403427168533,-1.897463355121705e-05,0.0008540403427168533,-1.897463355121705e-05,14.2,138.5,False,False,False,0,unknown
P2_S3_B3_seed1008,S3,B3,1008,3,0.002807093538228396,-6.343080402659893e-05,0.002807093538228396,-6.343080402659893e-05,13.9,136.5,False,False,False,0,unknown
P2_S3_B3_seed1009,S3,B3,1009,3,0.0010200380395638496,-2.2674404919689054e-05,0.0010200380395638496,-2.2674404919689054e-05,12.5,152.9,False,True,False,0,unknown
P2_S3_B3_seed1010,S3,B3,1010,3,0.002599904688028274,-5.8641518298313796e-05,0.002599904688028274,-5.8641518298313796e-05,12.6,239.8,False,False,False,0,unknown
P2_S3_P_seed1001,S3,P,1001,3,0.0024693144889687997,-5.539158537125815e-05,0.0024693144889687997,-5.539158537125815e-05,11.9,254.6,False,False,False,0,unknown
P2_S3_P_seed1002,S3,P,1002,3,0.0010327242227022562,-2.2909114400024197e-05,0.0010327242227022562,-2.2909114400024197e-05,12.5,231.3,False,False,False,0,unknown
P2_S3_P_seed1003,S3,P,1003,3,0.0010127538916691985,-2.2435209807204468e-05,0.0010127538916691985,-2.2435209807204468e-05,12.9,237.2,False,False,False,0,unknown
P2_S3_P_seed1004,S3,P,1004,3,2.700691558226298e-05,-5.91149245663423e-07,2.700691558226298e-05,-5.91149245663423e-07,12.0,297.2,True,True,False,0,unknown
P2_S3_P_seed1005,S3,P,1005,3,0.0010052912352958546,-2.237813541466274e-05,0.0010052912352958546,-2.237813541466274e-05,12.9,235.0,False,False,False,0,unknown
P2_S3_P_seed1006,S3,P,1006,3,0.0026401634369665706,-5.944402597945412e-05,0.0026401634369665706,-5.944402597945412e-05,12.6,278.0,True,True,False,0,unknown
P2_S3_P_seed1007,S3,P,1007,3,0.0008679481824923275,-1.9189151777643238e-05,0.0008679481824923275,-1.9189151777643238e-05,14.3,240.8,False,False,False,0,unknown
P2_S3_P_seed1008,S3,P,1008,3,0.000513088318085045,-1.1242198398005729e-05,0.000513088318085045,-1.1242198398005729e-05,13.0,268.3,False,False,False,0,unknown
P2_S3_P_seed1009,S3,P,1009,3,0.0009810562555822829,-2.1825788384003072e-05,0.0009810562555822829,-2.1825788384003072e-05,14.5,241.6,False,False,False,0,unknown
P2_S3_P_seed1010,S3,P,1010,3,0.0005931285768279835,-1.3025402978734808e-05,0.0005931285768279835,-1.3025402978734808e-05,13.2,276.7,False,False,False,0,unknown
