run_id,target_id,target_x,target_y,target_order,target_start_time,goal_accepted_time,target_reached_time,treatment_time,target_completed_time,target_success,attempt_count,replan_count,recovery_count,planned_path_length_m,actual_path_length_m,approach_error_m,final_target_distance_m,final_service_distance_m,planning_time_s,navigation_time_s,total_target_time_s,failure_reason
P2_S1_B1_seed1001,"plant@(2.000,3.000)",2.0,3.0,1,24.5,24.8,34.5,39.5,39.5,True,1,0,0,,2.6932105665117945,1.0880914483277702,1.0880914483277702,1.0880914483277702,,9.7,15.0,
P2_S1_B1_seed1001,"plant@(12.000,2.000)",12.0,2.0,2,24.7,39.7,104.8,109.8,109.8,True,1,0,0,,16.54825987212461,1.006441377241173,1.006441377241173,1.006441377241173,,65.1,85.1,
P2_S1_B1_seed1001,"plant@(15.000,5.000)",15.0,5.0,3,24.7,110.0,131.0,136.0,136.0,True,1,0,0,,3.1757218729341212,1.141533656497717,1.141533656497717,1.141533656497717,,21.0,111.3,
P2_S1_B1_seed1002,"plant@(2.000,3.000)",2.0,3.0,1,24.4,24.7,33.9,38.9,38.9,True,1,0,0,,2.6139614070131625,1.1410892851521552,1.1410892851521552,1.1410892851521552,,9.2,14.5,
P2_S1_B1_seed1002,"plant@(12.000,2.000)",12.0,2.0,2,24.6,39.1,104.6,109.6,109.6,True,1,0,0,,16.530601917422313,1.113491548438124,1.113491548438124,1.113491548438124,,65.5,85.0,
P2_S1_B1_seed1002,"plant@(15.000,5.000)",15.0,5.0,3,24.6,109.8,,,156.3,0,1,0,0,,3.055327626699632,,,,,,,Direct target goal failed; reason=navigation_timeout
P2_S1_B1_seed1003,"plant@(2.000,3.000)",2.0,3.0,1,21.0,21.3,31.0,36.0,36.0,True,1,0,0,,2.695757260475965,1.080993182893368,1.080993182893368,1.080993182893368,,9.7,15.0,
P2_S1_B1_seed1003,"plant@(12.000,2.000)",12.0,2.0,2,21.2,36.2,100.9,105.9,105.9,True,1,0,0,,16.378191753891894,1.12675470163983,1.12675470163983,1.12675470163983,,64.7,84.7,
P2_S1_B1_seed1003,"plant@(15.000,5.000)",15.0,5.0,3,21.2,106.1,124.2,129.2,129.2,True,1,0,0,,2.922063102425003,1.147725187981647,1.147725187981647,1.147725187981647,,18.10000000000001,107.99999999999999,
P2_S1_B1_seed1004,"plant@(2.000,3.000)",2.0,3.0,1,29.0,29.3,38.6,43.6,43.6,True,1,0,0,,2.6261836082813446,1.1339836565334047,1.1339836565334047,1.1339836565334047,,9.3,14.600000000000001,
P2_S1_B1_seed1004,"plant@(12.000,2.000)",12.0,2.0,2,29.2,43.8,110.2,115.2,115.2,True,1,0,0,,16.54689447905602,0.9994346844834803,0.9994346844834803,0.9994346844834803,,66.4,86.0,
P2_S1_B1_seed1004,"plant@(15.000,5.000)",15.0,5.0,3,29.2,115.4,,,162.8,0,1,0,0,,3.047686755919082,,,,,,,Direct target goal failed; reason=navigation_timeout
P2_S1_B1_seed1005,"plant@(2.000,3.000)",2.0,3.0,1,20.7,21.0,30.7,35.7,35.7,True,1,0,0,,2.6851447180341412,1.091420085364206,1.091420085364206,1.091420085364206,,9.7,15.000000000000004,
P2_S1_B1_seed1005,"plant@(12.000,2.000)",12.0,2.0,2,20.9,35.9,100.7,105.7,105.7,True,1,0,0,,16.321387401307327,1.1303387014805397,1.1303387014805397,1.1303387014805397,,64.80000000000001,84.80000000000001,
P2_S1_B1_seed1005,"plant@(15.000,5.000)",15.0,5.0,3,20.9,105.9,,,152.6,0,1,0,0,,3.113196161387666,,,,,,,Direct target goal failed; reason=navigation_timeout
P2_S1_B1_seed1006,"plant@(2.000,3.000)",2.0,3.0,1,20.5,20.8,30.0,35.0,35.0,True,1,0,0,,2.6168270833434475,1.0850666273640484,1.0850666273640484,1.0850666273640484,,9.2,14.5,
P2_S1_B1_seed1006,"plant@(12.000,2.000)",12.0,2.0,2,20.7,35.2,100.6,105.6,105.6,True,1,0,0,,16.47477064913323,1.0342485697023702,1.0342485697023702,1.0342485697023702,,65.39999999999999,84.89999999999999,
P2_S1_B1_seed1006,"plant@(15.000,5.000)",15.0,5.0,3,20.7,105.8,,,153.1,0,1,0,0,,3.3198069575250493,,,,,,,Direct target goal failed; reason=navigation_timeout
P2_S1_B1_seed1007,"plant@(2.000,3.000)",2.0,3.0,1,24.5,24.8,34.0,39.0,39.0,True,1,0,0,,2.634152266164794,1.119946050143231,1.119946050143231,1.119946050143231,,9.2,14.5,
P2_S1_B1_seed1007,"plant@(12.000,2.000)",12.0,2.0,2,24.7,39.2,104.2,109.2,109.2,True,1,0,0,,16.508445214245416,1.0567378294711733,1.0567378294711733,1.0567378294711733,,65.0,84.5,
P2_S1_B1_seed1007,"plant@(15.000,5.000)",15.0,5.0,3,24.7,109.4,127.5,132.5,132.5,True,1,0,0,,2.9428128596891523,1.1394617198156645,1.1394617198156645,1.1394617198156645,,18.099999999999994,107.8,
P2_S1_B1_seed1008,"plant@(2.000,3.000)",2.0,3.0,1,20.9,21.2,30.7,35.7,35.7,True,1,0,0,,2.714641548567613,1.074711074190294,1.074711074190294,1.074711074190294,,9.5,14.800000000000004,
P2_S1_B1_seed1008,"plant@(12.000,2.000)",12.0,2.0,2,21.1,35.9,99.1,104.1,104.1,True,1,0,0,,16.368087945509863,1.1064151296925233,1.1064151296925233,1.1064151296925233,,63.199999999999996,83.0,
P2_S1_B1_seed1008,"plant@(15.000,5.000)",15.0,5.0,3,21.1,104.3,188.9,193.9,193.9,True,1,0,0,,3.697603084346829,1.1157547165002133,1.1157547165002133,1.1157547165002133,,84.60000000000001,172.8,
P2_S1_B1_seed1009,"plant@(2.000,3.000)",2.0,3.0,1,20.8,21.1,30.3,35.3,35.3,True,1,0,0,,2.6250227402837845,1.1393722869542329,1.1393722869542329,1.1393722869542329,,9.2,14.499999999999996,
P2_S1_B1_seed1009,"plant@(12.000,2.000)",12.0,2.0,2,21.0,35.5,102.1,107.1,107.1,True,1,0,0,,16.602244929340962,0.989138167064776,0.989138167064776,0.989138167064776,,66.6,86.1,
P2_S1_B1_seed1009,"plant@(15.000,5.000)",15.0,5.0,3,21.0,107.3,124.7,129.7,129.7,True,1,0,0,,3.013845619613321,1.1358284530334255,1.1358284530334255,1.1358284530334255,,17.400000000000006,108.69999999999999,
P2_S1_B1_seed1010,"plant@(2.000,3.000)",2.0,3.0,1,24.2,24.5,34.3,39.3,39.3,True,1,0,0,,2.695978719359839,1.087858155655255,1.087858155655255,1.087858155655255,,9.799999999999997,15.099999999999998,
P2_S1_B1_seed1010,"plant@(12.000,2.000)",12.0,2.0,2,24.4,39.5,105.2,110.2,110.2,True,1,0,0,,16.33722951219079,1.1494644641042004,1.1494644641042004,1.1494644641042004,,65.7,85.80000000000001,
P2_S1_B1_seed1010,"plant@(15.000,5.000)",15.0,5.0,3,24.4,110.4,,,250.1,0,1,0,0,,4.611472041928434,,,,,,,Direct target goal failed; reason=navigation_timeout
P2_S1_B2_seed1001,"plant@(2.000,3.000)",2.0,3.0,1,24.3,24.8,,,38.6,0,1,0,0,3.169875174869212,2.946861091687711,,,,0.21515399400959723,,,Single candidate navigation failed; reason=service_pose_reached_target_outside_treatment_radius
P2_S1_B2_seed1001,"plant@(12.000,2.000)",12.0,2.0,2,24.5,,,,38.8,0,1,0,0,,,,,,,,,Single candidate infeasible; rejected_reason=nav2_planner_no_path
P2_S1_B2_seed1001,"plant@(15.000,5.000)",15.0,5.0,3,24.7,39.5,,,92.5,0,1,0,0,16.340931730284208,15.779968867273714,,,,0.2834682819957379,,,Single candidate navigation failed; reason=service_pose_reached_target_outside_treatment_radius
P2_S1_B2_seed1002,"plant@(2.000,3.000)",2.0,3.0,1,24.7,25.2,,,37.9,0,1,0,0,3.169875174869212,2.9591097219828755,,,,0.2504028340044897,,,Single candidate navigation failed; reason=service_pose_reached_target_outside_treatment_radius
P2_S1_B2_seed1002,"plant@(12.000,2.000)",12.0,2.0,2,24.9,,,,38.1,0,1,0,0,,,,,,,,,Single candidate infeasible; rejected_reason=nav2_planner_no_path
P2_S1_B2_seed1002,"plant@(15.000,5.000)",15.0,5.0,3,25.1,38.8,,,211.3,0,1,0,0,16.31981785748131,17.854427211940312,,,,0.2554703150235582,,,Single candidate navigation failed; reason=service_pose_reached_target_outside_treatment_radius
P2_S1_B2_seed1003,"plant@(2.000,3.000)",2.0,3.0,1,29.0,29.7,,,41.8,0,1,0,0,3.169875174869212,2.9683426657622203,,,,0.35101677500642836,,,Single candidate navigation failed; reason=service_pose_reached_target_outside_treatment_radius
P2_S1_B2_seed1003,"plant@(12.000,2.000)",12.0,2.0,2,29.2,,,,42.0,0,1,0,0,,,,,,,,,Single candidate infeasible; rejected_reason=nav2_planner_no_path
P2_S1_B2_seed1003,"plant@(15.000,5.000)",15.0,5.0,3,29.2,43.0,,,107.9,0,1,0,0,16.31981785748131,16.11721503895325,,,,0.39129052800126374,,,Single candidate navigation failed; reason=service_pose_reached_target_outside_treatment_radius
P2_S1_B2_seed1004,"plant@(2.000,3.000)",2.0,3.0,1,20.9,21.4,,,35.1,0,1,0,0,3.169875174869212,2.9521601428540967,,,,0.21104923001257703,,,Single candidate navigation failed; reason=service_pose_reached_target_outside_treatment_radius
P2_S1_B2_seed1004,"plant@(12.000,2.000)",12.0,2.0,2,21.1,,,,35.3,0,1,0,0,,,,,,,,,Single candidate infeasible; rejected_reason=nav2_planner_no_path
P2_S1_B2_seed1004,"plant@(15.000,5.000)",15.0,5.0,3,21.3,36.0,,,88.4,0,1,0,0,16.340931730284208,15.807247389230735,,,,0.2501183899876196,,,Single candidate navigation failed; reason=service_pose_reached_target_outside_treatment_radius
P2_S1_B2_seed1005,"plant@(2.000,3.000)",2.0,3.0,1,20.2,20.7,,,37.3,0,1,0,0,3.169875174869212,2.9680368589735058,,,,0.20915348999551497,,,Single candidate navigation failed; reason=service_pose_reached_target_outside_treatment_radius
P2_S1_B2_seed1005,"plant@(12.000,2.000)",12.0,2.0,2,20.4,,,,37.5,0,1,0,0,,,,,,,,,Single candidate infeasible; rejected_reason=nav2_planner_no_path
P2_S1_B2_seed1005,"plant@(15.000,5.000)",15.0,5.0,3,20.6,38.2,,,91.3,0,1,0,0,16.31981785748131,15.78969843934156,,,,0.25245002598967403,,,Single candidate navigation failed; reason=service_pose_reached_target_outside_treatment_radius
P2_S1_B2_seed1006,"plant@(2.000,3.000)",2.0,3.0,1,20.5,21.0,,,33.5,0,1,0,0,3.169875174869212,2.9182551683019886,,,,0.20445882598869503,,,Single candidate navigation failed; reason=service_pose_reached_target_outside_treatment_radius
P2_S1_B2_seed1006,"plant@(12.000,2.000)",12.0,2.0,2,20.7,,,,33.7,0,1,0,0,,,,,,,,,Single candidate infeasible; rejected_reason=nav2_planner_no_path
P2_S1_B2_seed1006,"plant@(15.000,5.000)",15.0,5.0,3,20.9,34.4,,,73.4,0,1,0,0,16.340931730284208,10.632973165424653,,,,0.2541012809961103,,,Single candidate navigation failed; reason=amcl_stale
P2_S1_B2_seed1007,"plant@(2.000,3.000)",2.0,3.0,1,20.5,21.0,,,36.0,0,1,0,0,3.169875174869212,2.9793441896079305,,,,0.19040070800110698,,,Single candidate navigation failed; reason=service_pose_reached_target_outside_treatment_radius
P2_S1_B2_seed1007,"plant@(12.000,2.000)",12.0,2.0,2,20.7,,,,36.2,0,1,0,0,,,,,,,,,Single candidate infeasible; rejected_reason=nav2_planner_no_path
P2_S1_B2_seed1007,"plant@(15.000,5.000)",15.0,5.0,3,20.9,36.9,,,89.6,0,1,0,0,16.31981785748131,15.781771824557874,,,,0.24212650800473057,,,Single candidate navigation failed; reason=service_pose_reached_target_outside_treatment_radius
P2_S1_B2_seed1008,"plant@(2.000,3.000)",2.0,3.0,1,20.2,20.7,,,33.8,0,1,0,0,3.169875174869212,2.982371150426552,,,,0.2203148220141884,,,Single candidate navigation failed; reason=service_pose_reached_target_outside_treatment_radius
P2_S1_B2_seed1008,"plant@(12.000,2.000)",12.0,2.0,2,20.4,,,,34.0,0,1,0,0,,,,,,,,,Single candidate infeasible; rejected_reason=nav2_planner_no_path
P2_S1_B2_seed1008,"plant@(15.000,5.000)",15.0,5.0,3,20.6,34.7,,,259.0,0,1,0,0,16.31981785748131,14.133651351870265,,,,0.2625822169939056,,,Single candidate navigation failed; reason=navigation_timeout
P2_S1_B2_seed1009,"plant@(2.000,3.000)",2.0,3.0,1,20.9,21.4,,,32.0,0,1,0,0,3.169875174869212,2.9216255657041033,,,,0.20716636700672098,,,Single candidate navigation failed; reason=service_pose_reached_target_outside_treatment_radius
P2_S1_B2_seed1009,"plant@(12.000,2.000)",12.0,2.0,2,21.1,,,,32.3,0,1,0,0,,,,,,,,,Single candidate infeasible; rejected_reason=nav2_planner_no_path
P2_S1_B2_seed1009,"plant@(15.000,5.000)",15.0,5.0,3,21.3,33.0,,,217.7,0,1,0,0,16.340931730284208,13.949191222138888,,,,0.27259254100499675,,,Single candidate navigation failed; reason=nav2_failed
P2_S1_B2_seed1010,"plant@(2.000,3.000)",2.0,3.0,1,20.7,21.2,,,33.1,0,1,0,0,3.169875174869212,2.9574966430598955,,,,0.20570751698687673,,,Single candidate navigation failed; reason=service_pose_reached_target_outside_treatment_radius
P2_S1_B2_seed1010,"plant@(12.000,2.000)",12.0,2.0,2,20.9,,,,33.3,0,1,0,0,,,,,,,,,Single candidate infeasible; rejected_reason=nav2_planner_no_path
P2_S1_B2_seed1010,"plant@(15.000,5.000)",15.0,5.0,3,21.1,34.0,,,86.9,0,1,0,0,16.340931730284208,15.7960844426782,,,,0.26418516802368686,,,Single candidate navigation failed; reason=service_pose_reached_target_outside_treatment_radius
P2_S1_B3_seed1001,"plant@(2.000,3.000)",2.0,3.0,1,28.8,46.9,49.6,54.6,54.6,True,2,1,0,0.6393697794091422,2.5920529363328653,1.0784743799239453,1.0784743799239453,0.48218177169554616,0.05351478498778306,2.700000000000003,25.8,
P2_S1_B3_seed1001,"plant@(12.000,2.000)",12.0,2.0,2,29.0,64.3,,,116.0,0,1,0,0,14.244923145502648,9.361544822171782,,,,9.442496543982998,,,B3 sequential/nonpersistent failure: Localization interrupted navigation: amcl_stale
P2_S1_B3_seed1001,"plant@(15.000,5.000)",15.0,5.0,3,29.3,,,,127.5,0,1,0,0,11.285347416982079,,,,,9.237982611899497,,,B3 sequential/nonpersistent failure: Localization interrupted navigation: amcl_stale
P2_S1_B3_seed1002,"plant@(2.000,3.000)",2.0,3.0,1,20.7,38.5,41.1,46.1,46.1,True,2,1,0,0.6393697794091422,2.593407183105393,1.100425211307426,1.100425211307426,0.4811305379754376,0.04867390601430088,2.6000000000000014,25.400000000000002,
P2_S1_B3_seed1002,"plant@(12.000,2.000)",12.0,2.0,2,20.9,266.9,296.6,301.6,301.6,True,2,1,1,11.0485198509357,21.05141658982617,1.14302909729522,1.14302909729522,1.626234394776709,0.34258427101303823,29.700000000000045,280.70000000000005,
P2_S1_B3_seed1002,"plant@(15.000,5.000)",15.0,5.0,3,21.2,322.8,332.3,337.3,337.3,True,2,1,0,1.0285338952509344,2.676878210941768,1.1247991054571183,1.1247991054571183,0.5445437992375974,0.0992027030151803,9.5,316.1,
P2_S1_B3_seed1003,"plant@(2.000,3.000)",2.0,3.0,1,20.8,39.7,42.2,47.2,47.2,True,2,1,0,0.6393697794091422,2.559040019774151,1.1298503238577315,1.1298503238577315,0.5012756442597035,0.054664883005898446,2.5,26.400000000000002,
P2_S1_B3_seed1003,"plant@(12.000,2.000)",12.0,2.0,2,21.0,227.2,,,260.0,0,3,3,1,10.576117626338018,16.481716524469583,,,,0.3048036249820143,,,B3 sequential/nonpersistent failure: All 3 candidate attempts failed
P2_S1_B3_seed1003,"plant@(15.000,5.000)",15.0,5.0,3,21.2,313.1,319.8,324.8,324.8,True,2,1,1,0.7865717135289141,8.60838122855368,1.1388679543706595,1.1388679543706595,0.5323106478286579,0.07657754901447333,6.699999999999989,303.6,
P2_S1_B3_seed1004,"plant@(2.000,3.000)",2.0,3.0,1,20.9,38.1,40.6,45.6,45.6,True,2,1,0,0.6393697794091422,2.5555491346219723,1.1346176195186484,1.1346176195186484,0.49484876843117154,0.047397559974342585,2.5,24.700000000000003,
P2_S1_B3_seed1004,"plant@(12.000,2.000)",12.0,2.0,2,21.2,275.6,,,393.0,0,3,3,3,16.82480373000184,0.762854717667271,,,,0.26424570399103686,,,B3 sequential/nonpersistent failure: All 3 candidate attempts failed
P2_S1_B3_seed1004,"plant@(15.000,5.000)",15.0,5.0,3,21.5,456.8,,,460.0,0,3,3,0,15.819953364006947,0.059366236416831426,,,,0.27819918998284265,,,B3 sequential/nonpersistent failure: All 3 candidate attempts failed
P2_S1_B3_seed1005,"plant@(2.000,3.000)",2.0,3.0,1,21.0,38.1,40.6,45.6,45.6,True,2,1,0,0.6393697794091422,2.5726207798079264,1.1186117901182533,1.1186117901182533,0.5036375238786099,0.04567036600201391,2.5,24.6,
P2_S1_B3_seed1005,"plant@(12.000,2.000)",12.0,2.0,2,21.2,289.2,319.9,324.9,324.9,True,2,1,0,11.258541007823691,22.22332348920514,1.1428949765107588,1.1428949765107588,1.6320961112274728,0.3230412130069453,30.69999999999999,303.7,
P2_S1_B3_seed1005,"plant@(15.000,5.000)",15.0,5.0,3,21.4,346.1,354.6,359.6,359.6,True,2,1,0,0.9497055972480342,2.605163625609084,1.1378231602726474,1.1378231602726474,0.531091329732149,0.10047279999707825,8.5,338.20000000000005,
P2_S1_B3_seed1006,"plant@(2.000,3.000)",2.0,3.0,1,20.9,37.6,40.2,45.2,45.2,True,2,1,0,0.6720986539475831,2.591841649940164,1.0984256570293682,1.0984256570293682,0.48040208836274206,0.051826411014189944,2.6000000000000014,24.300000000000004,
P2_S1_B3_seed1006,"plant@(12.000,2.000)",12.0,2.0,2,21.1,54.0,,,285.0,0,3,3,0,14.280689097641332,11.881586977512802,,,,8.532424953038571,,,B3 sequential/nonpersistent failure: All 3 candidate attempts failed
P2_S1_B3_seed1006,"plant@(15.000,5.000)",15.0,5.0,3,21.3,343.0,343.8,348.8,348.8,True,3,2,1,1.2773317039228709,10.756628221990992,1.1477091396123562,1.1477091396123562,0.7499016783647701,0.11590209000860341,0.8000000000000114,327.5,
P2_S1_B3_seed1007,"plant@(2.000,3.000)",2.0,3.0,1,20.3,37.1,39.7,44.7,44.7,True,2,1,0,0.6720986539475831,2.608950962368333,1.0862351910336467,1.0862351910336467,0.48999493139742123,0.04698071099119261,2.6000000000000014,24.400000000000002,
P2_S1_B3_seed1007,"plant@(12.000,2.000)",12.0,2.0,2,20.5,280.7,370.1,375.1,375.1,True,2,1,0,10.564112854711238,22.427522245043154,1.1233422362543557,1.1233422362543557,1.5465948057225463,0.2987123320053797,89.40000000000003,354.6,
P2_S1_B3_seed1007,"plant@(15.000,5.000)",15.0,5.0,3,20.7,396.0,405.5,410.5,410.5,True,2,1,0,0.9668173504879464,2.6151955167351715,1.140874937521439,1.140874937521439,0.5707430232058073,0.09085819299798459,9.5,389.8,
P2_S1_B3_seed1008,"plant@(2.000,3.000)",2.0,3.0,1,20.9,37.9,40.5,45.5,45.5,True,2,1,0,0.6393697794091422,2.571807962460047,1.0798771821236348,1.0798771821236348,0.4839541774808081,0.044265777978580445,2.6000000000000014,24.6,
P2_S1_B3_seed1008,"plant@(12.000,2.000)",12.0,2.0,2,21.1,208.5,,,265.3,0,3,3,1,10.481175858556856,18.451038082997204,,,,0.2785485120257363,,,B3 sequential/nonpersistent failure: All 3 candidate attempts failed
P2_S1_B3_seed1008,"plant@(15.000,5.000)",15.0,5.0,3,21.3,361.6,,,378.6,0,2,1,2,8.842514591392368,3.548008433910594,,,,0.33732997099286877,,,B3 sequential/nonpersistent failure: Localization interrupted navigation: amcl_stale
P2_S1_B3_seed1009,"plant@(2.000,3.000)",2.0,3.0,1,20.9,38.0,40.6,45.6,45.6,True,2,1,0,0.6393697794091422,2.6001424883503903,1.0867932737237749,1.0867932737237749,0.4725885749940686,0.04777625302085653,2.6000000000000014,24.700000000000003,
P2_S1_B3_seed1009,"plant@(12.000,2.000)",12.0,2.0,2,21.1,220.8,,,253.3,0,3,3,1,10.513466210789563,18.123668163712722,,,,0.28907890399568714,,,B3 sequential/nonpersistent failure: All 3 candidate attempts failed
P2_S1_B3_seed1009,"plant@(15.000,5.000)",15.0,5.0,3,21.5,266.5,,,305.9,0,3,3,1,9.689387842782367,3.4356320793765085,,,,9.290876843879232,,,B3 sequential/nonpersistent failure: All 3 candidate attempts failed
P2_S1_B3_seed1010,"plant@(2.000,3.000)",2.0,3.0,1,21.0,37.8,40.3,45.3,45.3,True,2,1,0,0.6720986539475831,2.5959762430666933,1.0953361636251249,1.0953361636251249,0.48300333882852264,0.04676758698769845,2.5,24.299999999999997,
P2_S1_B3_seed1010,"plant@(12.000,2.000)",12.0,2.0,2,21.2,54.4,,,255.3,0,3,3,0,14.244923145502648,17.108000609517216,,,,8.896231099963188,,,B3 sequential/nonpersistent failure: All 3 candidate attempts failed
P2_S1_B3_seed1010,"plant@(15.000,5.000)",15.0,5.0,3,21.6,340.1,346.8,351.8,351.8,True,2,1,0,0.734618370881026,8.901869193532642,1.1355543452423427,1.1355543452423427,0.4860456639366617,0.06922954999026842,6.699999999999989,330.2,
P2_S1_P_seed1001,"plant@(2.000,3.000)",2.0,3.0,1,20.5,37.8,40.4,45.4,45.4,True,2,1,0,0.6393697794091422,2.544871096736169,1.1187388758994052,1.1187388758994052,0.47891557353669967,0.04872677498497069,2.6000000000000014,24.9,
P2_S1_P_seed1001,"plant@(12.000,2.000)",12.0,2.0,2,20.7,264.8,293.8,298.8,298.8,True,2,1,1,10.66282878613196,20.936427780220768,1.1299794019714393,1.1299794019714393,1.5161080281041865,0.7092489599890541,29.0,278.1,
P2_S1_P_seed1001,"plant@(15.000,5.000)",15.0,5.0,3,20.9,326.6,334.3,339.3,339.3,True,2,1,0,0.9497055972480342,2.556088545736266,1.1084412440331788,1.1084412440331788,0.5253768561219039,0.1312926550162956,7.699999999999989,318.40000000000003,
P2_S1_P_seed1002,"plant@(2.000,3.000)",2.0,3.0,1,24.5,47.6,50.7,55.7,55.7,True,2,1,0,0.7097672089205472,2.632091745570895,1.0641330301910572,1.0641330301910572,0.47076654352344105,0.09445311600575224,3.1000000000000014,31.200000000000003,
P2_S1_P_seed1002,"plant@(12.000,2.000)",12.0,2.0,2,24.7,284.6,316.7,321.7,321.7,True,2,1,0,10.26842716485105,19.94777594276821,1.1184495303502882,1.1184495303502882,1.5010159538589454,0.9109186689893249,32.099999999999966,297.0,
P2_S1_P_seed1002,"plant@(15.000,5.000)",15.0,5.0,3,24.7,343.4,351.4,356.4,356.4,True,2,1,0,0.9701669365290854,2.60797015181371,1.1324187501102512,1.1324187501102512,0.4907546110051282,0.10718039097264409,8.0,331.7,
P2_S1_P_seed1003,"plant@(2.000,3.000)",2.0,3.0,1,20.3,37.9,40.5,45.5,45.5,True,2,1,0,0.6393697794091422,2.5996932991089365,1.0900945610414374,1.0900945610414374,0.47807165718338324,0.051531831006286666,2.6000000000000014,25.2,
P2_S1_P_seed1003,"plant@(12.000,2.000)",12.0,2.0,2,20.5,1032.8,1061.0,1066.0,1066.0,True,3,8,7,13.963957304761134,13.762560404096574,1.1182214254597664,1.1182214254597664,0.18746158684413508,0.5979302510095295,28.200000000000045,1045.5,
P2_S1_P_seed1003,"plant@(15.000,5.000)",15.0,5.0,3,20.7,1079.8,,,1128.3,0,1,0,2,2.6099378098815107,14.415484722612442,,,,13.54748730015126,,,"No feasible candidate; rejections=1; target retry limit reached (candidate_cycles=3/3, no_candidate_cycles=2/3)"
P2_S1_P_seed1004,"plant@(2.000,3.000)",2.0,3.0,1,24.9,43.2,45.8,50.8,50.8,True,2,1,0,0.6720986539475831,2.599877183602019,1.0912498584826886,1.0912498584826886,0.49301714210858133,0.05526848600129597,2.5999999999999943,25.9,
P2_S1_P_seed1004,"plant@(12.000,2.000)",12.0,2.0,2,25.1,428.6,430.0,435.0,435.0,True,3,8,1,0.41949399723363645,21.654952521544836,1.143063828882604,1.143063828882604,0.34665639930358727,0.05853615500382148,1.3999999999999773,409.9,
P2_S1_P_seed1004,"plant@(15.000,5.000)",15.0,5.0,3,25.1,456.1,459.9,464.9,464.9,True,2,1,0,1.1654400099922861,2.6355404242391773,1.1291329248934276,1.1291329248934276,0.5966765221981443,0.11482519199489616,3.7999999999999545,439.79999999999995,
P2_S1_P_seed1005,"plant@(2.000,3.000)",2.0,3.0,1,20.7,38.0,40.6,45.6,45.6,True,2,1,0,0.6393697794091422,2.600671631396325,1.0898132813901646,1.0898132813901646,0.49476284724739616,0.04632444999879226,2.6000000000000014,24.900000000000002,
P2_S1_P_seed1005,"plant@(12.000,2.000)",12.0,2.0,2,20.9,290.0,321.6,326.6,326.6,True,2,1,0,10.12136586843226,20.794915051247617,1.1240515885638098,1.1240515885638098,1.4742629880966265,0.3964764160045888,31.600000000000023,305.70000000000005,
P2_S1_P_seed1005,"plant@(15.000,5.000)",15.0,5.0,3,21.3,347.1,356.1,361.1,361.1,True,2,1,0,0.9701669365290854,2.5327387599008895,1.1430842400761247,1.1430842400761247,0.4939594711617489,0.08985110899084248,9.0,339.8,
P2_S1_P_seed1006,"plant@(2.000,3.000)",2.0,3.0,1,20.7,37.3,39.9,44.9,44.9,True,2,1,0,0.6867998464431404,2.612357608911317,1.0839787435390893,1.0839787435390893,0.49984513594178875,0.050969076983164996,2.6000000000000014,24.2,
P2_S1_P_seed1006,"plant@(12.000,2.000)",12.0,2.0,2,20.9,558.9,589.4,594.4,594.4,True,3,7,3,11.168540386953204,22.135206750005473,1.127085472940258,1.127085472940258,1.5272929526080532,0.31663353799376637,30.5,573.5,
P2_S1_P_seed1006,"plant@(15.000,5.000)",15.0,5.0,3,21.1,614.7,624.4,629.4,629.4,True,2,1,0,0.9497055972480342,2.603754635037569,1.117697383832673,1.117697383832673,0.49043974088991893,0.10616524898796342,9.699999999999932,608.3,
P2_S1_P_seed1007,"plant@(2.000,3.000)",2.0,3.0,1,25.0,41.9,44.5,49.5,49.5,True,2,1,0,0.6393697794091422,2.561299880607337,1.0970602545462989,1.0970602545462989,0.47142343961662025,0.046833478001644835,2.6000000000000014,24.5,
P2_S1_P_seed1007,"plant@(12.000,2.000)",12.0,2.0,2,25.2,360.5,367.1,372.1,372.1,True,3,6,3,0.8828330300385482,19.387061988880962,1.1238769057294697,1.1238769057294697,0.46612725826266715,5.837470636994112,6.600000000000023,346.90000000000003,
P2_S1_P_seed1007,"plant@(15.000,5.000)",15.0,5.0,3,25.4,,,,379.8,0,1,0,3,,,,,,,,,"No feasible candidate; rejections=1; target retry limit reached (candidate_cycles=3/3, no_candidate_cycles=3/3)"
P2_S1_P_seed1008,"plant@(2.000,3.000)",2.0,3.0,1,24.4,45.6,48.2,53.2,53.2,True,2,1,0,0.6393697794091422,2.578176785110456,1.106005736555013,1.106005736555013,0.4910907305471134,0.050862182019045576,2.6000000000000014,28.800000000000004,
P2_S1_P_seed1008,"plant@(12.000,2.000)",12.0,2.0,2,24.6,265.7,275.3,280.3,280.3,True,3,3,1,1.18045165661273,16.996361011408197,1.145419665748502,1.145419665748502,0.5333137880250032,5.979748587909853,9.600000000000023,255.70000000000002,
P2_S1_P_seed1008,"plant@(15.000,5.000)",15.0,5.0,3,24.6,,,,281.8,0,1,0,3,,,,,,,,,"No feasible candidate; rejections=1; target retry limit reached (candidate_cycles=3/3, no_candidate_cycles=3/3)"
P2_S1_P_seed1009,"plant@(2.000,3.000)",2.0,3.0,1,20.5,37.3,39.9,44.9,44.9,True,2,1,0,0.6720986539475831,2.6118340095821977,1.0821145794576146,1.0821145794576146,0.4781880022097474,0.054531450994545594,2.6000000000000014,24.4,
P2_S1_P_seed1009,"plant@(12.000,2.000)",12.0,2.0,2,20.7,259.9,289.9,294.9,294.9,True,2,1,1,10.767137837448733,21.63297213272344,1.11300499977779,1.11300499977779,1.51139306879245,0.292120319994865,30.0,274.2,
P2_S1_P_seed1009,"plant@(15.000,5.000)",15.0,5.0,3,20.9,315.2,324.3,329.3,329.3,True,2,1,0,0.9701669365290854,2.584424557234872,1.1475089583701388,1.1475089583701388,0.5374860309492943,0.09135554201202467,9.100000000000023,308.40000000000003,
P2_S1_P_seed1010,"plant@(2.000,3.000)",2.0,3.0,1,20.5,37.4,40.0,45.0,45.0,True,2,1,0,0.6720986539475831,2.625952449250638,1.0593641706291907,1.0593641706291907,0.47267505460327397,0.05237234398373403,2.6000000000000014,24.5,
P2_S1_P_seed1010,"plant@(12.000,2.000)",12.0,2.0,2,20.7,54.2,,,210.7,0,1,0,0,5.292952105141087,10.639724703823507,,,,9.71782115107635,,,"Localization interrupted navigation: amcl_stale; target retry limit reached (candidate_cycles=3/3, no_candidate_cycles=0/3)"
P2_S1_P_seed1010,"plant@(15.000,5.000)",15.0,5.0,3,20.9,280.4,284.8,289.8,289.8,True,2,1,0,0.8572914494316399,10.985560520373115,1.133052391673805,1.133052391673805,0.5580475462466485,0.09520111899473704,4.400000000000034,268.90000000000003,
P2_S2_B1_seed1001,"plant@(2.000,3.000)",2.0,3.0,1,25.0,25.4,34.5,39.5,39.5,True,1,0,0,,2.6249901852653252,1.1216788887305422,1.1216788887305422,1.1216788887305422,,9.100000000000001,14.5,
P2_S2_B1_seed1001,"plant@(-6.000,4.500)",-6.0,4.5,2,25.3,39.7,,,110.3,0,1,0,0,,0.43458989620773125,,,,,,,Direct target goal failed; reason=navigation_timeout
P2_S2_B1_seed1001,"plant@(12.000,2.000)",12.0,2.0,3,25.3,110.6,,,191.8,0,1,0,0,,0.0682926931143391,,,,,,,Direct target goal failed; reason=navigation_timeout
P2_S2_B1_seed1002,"plant@(2.000,3.000)",2.0,3.0,1,20.9,21.2,30.9,35.9,35.9,True,1,0,0,,2.70571593552995,1.0797026241183538,1.0797026241183538,1.0797026241183538,,9.7,15.0,
P2_S2_B1_seed1002,"plant@(-6.000,4.500)",-6.0,4.5,2,21.1,36.1,80.9,85.9,85.9,True,1,0,0,,8.028525779156707,1.0917297849766592,1.0917297849766592,1.0917297849766592,,44.800000000000004,64.80000000000001,
P2_S2_B1_seed1002,"plant@(12.000,2.000)",12.0,2.0,3,21.1,86.1,170.1,175.1,175.1,True,1,0,0,,22.097606267796838,1.0343191924826212,1.0343191924826212,1.0343191924826212,,84.0,154.0,
P2_S2_B1_seed1003,"plant@(2.000,3.000)",2.0,3.0,1,20.5,20.8,30.5,35.5,35.5,True,1,0,0,,2.689505899527441,1.0873456952072118,1.0873456952072118,1.0873456952072118,,9.7,15.0,
P2_S2_B1_seed1003,"plant@(-6.000,4.500)",-6.0,4.5,2,20.7,35.7,,,106.6,0,1,0,0,,0.3991351512954523,,,,,,,Direct target goal failed; reason=navigation_timeout
P2_S2_B1_seed1003,"plant@(12.000,2.000)",12.0,2.0,3,20.7,106.9,,,188.2,0,1,0,0,,0.06912785570557396,,,,,,,Direct target goal failed; reason=navigation_timeout
P2_S2_B1_seed1004,"plant@(2.000,3.000)",2.0,3.0,1,20.9,21.2,30.7,35.7,35.7,True,1,0,0,,2.683579580496417,1.099366433027839,1.099366433027839,1.099366433027839,,9.5,14.800000000000004,
P2_S2_B1_seed1004,"plant@(-6.000,4.500)",-6.0,4.5,2,21.1,35.9,80.3,85.3,85.3,True,1,0,0,,8.018448338010698,1.0778047514481037,1.0778047514481037,1.0778047514481037,,44.4,64.19999999999999,
P2_S2_B1_seed1004,"plant@(12.000,2.000)",12.0,2.0,3,21.1,85.5,168.2,173.2,173.2,True,1,0,0,,21.977332294484697,1.094449982451861,1.094449982451861,1.094449982451861,,82.69999999999999,152.1,
P2_S2_B1_seed1005,"plant@(2.000,3.000)",2.0,3.0,1,24.5,24.8,34.5,39.5,39.5,True,1,0,0,,2.7066796798621295,1.065743973655108,1.065743973655108,1.065743973655108,,9.7,15.0,
P2_S2_B1_seed1005,"plant@(-6.000,4.500)",-6.0,4.5,2,24.7,39.7,,,110.8,0,1,0,0,,0.40944514688607614,,,,,,,Direct target goal failed; reason=navigation_timeout
P2_S2_B1_seed1005,"plant@(12.000,2.000)",12.0,2.0,3,24.7,111.1,,,192.1,0,1,0,0,,0.06961034055211617,,,,,,,Direct target goal failed; reason=navigation_timeout
P2_S2_B1_seed1006,"plant@(2.000,3.000)",2.0,3.0,1,20.3,20.6,30.3,35.3,35.3,True,1,0,0,,2.68771195289048,1.081594729945537,1.081594729945537,1.081594729945537,,9.7,14.999999999999996,
P2_S2_B1_seed1006,"plant@(-6.000,4.500)",-6.0,4.5,2,20.5,35.5,,,106.4,0,1,0,0,,0.3912244373416319,,,,,,,Direct target goal failed; reason=navigation_timeout
P2_S2_B1_seed1006,"plant@(12.000,2.000)",12.0,2.0,3,20.5,106.7,,,188.1,0,1,0,0,,0.06909661221540647,,,,,,,Direct target goal failed; reason=navigation_timeout
P2_S2_B1_seed1007,"plant@(2.000,3.000)",2.0,3.0,1,25.0,25.3,34.6,39.6,39.6,True,1,0,0,,2.653361809375967,1.1042625637906633,1.1042625637906633,1.1042625637906633,,9.3,14.600000000000001,
P2_S2_B1_seed1007,"plant@(-6.000,4.500)",-6.0,4.5,2,25.2,39.8,,,110.4,0,1,0,0,,0.393995261408715,,,,,,,Direct target goal failed; reason=navigation_timeout
P2_S2_B1_seed1007,"plant@(12.000,2.000)",12.0,2.0,3,25.3,110.7,,,191.9,0,1,0,0,,0.0689179729760465,,,,,,,Direct target goal failed; reason=navigation_timeout
P2_S2_B1_seed1008,"plant@(2.000,3.000)",2.0,3.0,1,25.0,25.3,35.1,40.1,40.1,True,1,0,0,,2.682784334580515,1.087634861329516,1.087634861329516,1.087634861329516,,9.8,15.100000000000001,
P2_S2_B1_seed1008,"plant@(-6.000,4.500)",-6.0,4.5,2,25.2,40.3,,,111.0,0,1,0,0,,0.39572300161074475,,,,,,,Direct target goal failed; reason=navigation_timeout
P2_S2_B1_seed1008,"plant@(12.000,2.000)",12.0,2.0,3,25.2,111.3,,,192.6,0,1,0,0,,0.06867142902362516,,,,,,,Direct target goal failed; reason=navigation_timeout
P2_S2_B1_seed1009,"plant@(2.000,3.000)",2.0,3.0,1,20.9,21.2,30.9,35.9,35.9,True,1,0,0,,2.697781140725182,1.0710464724152073,1.0710464724152073,1.0710464724152073,,9.7,15.0,
P2_S2_B1_seed1009,"plant@(-6.000,4.500)",-6.0,4.5,2,21.1,36.1,,,106.7,0,1,0,0,,0.36687539672673253,,,,,,,Direct target goal failed; reason=navigation_timeout
P2_S2_B1_seed1009,"plant@(12.000,2.000)",12.0,2.0,3,21.1,107.0,,,188.4,0,1,0,0,,0.0365567813317002,,,,,,,Direct target goal failed; reason=navigation_timeout
P2_S2_B1_seed1010,"plant@(2.000,3.000)",2.0,3.0,1,20.5,20.8,30.5,35.5,35.5,True,1,0,0,,2.6826532655122715,1.0878355588741602,1.0878355588741602,1.0878355588741602,,9.7,15.0,
P2_S2_B1_seed1010,"plant@(-6.000,4.500)",-6.0,4.5,2,20.7,35.7,,,106.8,0,1,0,0,,0.35826341826834573,,,,,,,Direct target goal failed; reason=navigation_timeout
P2_S2_B1_seed1010,"plant@(12.000,2.000)",12.0,2.0,3,20.7,107.1,,,188.5,0,1,0,0,,0.036776346623661985,,,,,,,Direct target goal failed; reason=navigation_timeout
P2_S2_B2_seed1001,"plant@(2.000,3.000)",2.0,3.0,1,20.7,21.2,,,33.2,0,1,0,0,3.169875174869212,2.9705300888238186,,,,0.20464028001879342,,,Single candidate navigation failed; reason=service_pose_reached_target_outside_treatment_radius
P2_S2_B2_seed1001,"plant@(-6.000,4.500)",-6.0,4.5,2,20.9,33.7,,,116.0,0,1,0,0,10.430294973207115,10.608301095389875,,,,0.25605173999792896,,,Single candidate navigation failed; reason=navigation_timeout
P2_S2_B2_seed1001,"plant@(12.000,2.000)",12.0,2.0,3,21.1,,,,116.2,0,1,0,0,,,,,,,,,Single candidate infeasible; rejected_reason=nav2_planner_no_path
P2_S2_B2_seed1002,"plant@(2.000,3.000)",2.0,3.0,1,20.7,21.2,,,37.3,0,1,0,0,3.169875174869212,2.993089154987039,,,,0.2136299560079351,,,Single candidate navigation failed; reason=service_pose_reached_target_outside_treatment_radius
P2_S2_B2_seed1002,"plant@(-6.000,4.500)",-6.0,4.5,2,20.9,37.8,,,82.3,0,1,0,0,10.430294973207115,11.264960823907002,,,,0.26174159700167365,,,Single candidate navigation failed; reason=service_pose_reached_target_outside_treatment_radius
P2_S2_B2_seed1002,"plant@(12.000,2.000)",12.0,2.0,3,21.1,,,,82.5,0,1,0,0,,,,,,,,,Single candidate infeasible; rejected_reason=nav2_planner_no_path
P2_S2_B2_seed1003,"plant@(2.000,3.000)",2.0,3.0,1,20.9,21.4,,,33.7,0,1,0,0,3.169875174869212,2.9888662370590646,,,,0.21033999900100753,,,Single candidate navigation failed; reason=service_pose_reached_target_outside_treatment_radius
P2_S2_B2_seed1003,"plant@(-6.000,4.500)",-6.0,4.5,2,21.1,34.3,,,78.4,0,1,0,0,10.400053402858715,11.182943861822379,,,,0.27983745897654444,,,Single candidate navigation failed; reason=service_pose_reached_target_outside_treatment_radius
P2_S2_B2_seed1003,"plant@(12.000,2.000)",12.0,2.0,3,21.3,,,,78.6,0,1,0,0,,,,,,,,,Single candidate infeasible; rejected_reason=nav2_planner_no_path
P2_S2_B2_seed1004,"plant@(2.000,3.000)",2.0,3.0,1,20.9,21.4,,,34.1,0,1,0,0,3.169875174869212,2.9531074762663794,,,,0.2142853080003988,,,Single candidate navigation failed; reason=service_pose_reached_target_outside_treatment_radius
P2_S2_B2_seed1004,"plant@(-6.000,4.500)",-6.0,4.5,2,21.1,34.6,,,77.2,0,1,0,0,10.488666469904006,11.220718283927006,,,,0.2599427239911165,,,Single candidate navigation failed; reason=service_pose_reached_target_outside_treatment_radius
P2_S2_B2_seed1004,"plant@(12.000,2.000)",12.0,2.0,3,21.3,,,,77.4,0,1,0,0,,,,,,,,,Single candidate infeasible; rejected_reason=nav2_planner_no_path
P2_S2_B2_seed1005,"plant@(2.000,3.000)",2.0,3.0,1,20.7,21.2,,,36.1,0,1,0,0,3.169875174869212,2.969961760086103,,,,0.19668351899599656,,,Single candidate navigation failed; reason=service_pose_reached_target_outside_treatment_radius
P2_S2_B2_seed1005,"plant@(-6.000,4.500)",-6.0,4.5,2,20.9,36.6,,,119.4,0,1,0,0,10.430294973207115,10.596057124463174,,,,0.2460203509835992,,,Single candidate navigation failed; reason=navigation_timeout
P2_S2_B2_seed1005,"plant@(12.000,2.000)",12.0,2.0,3,21.1,,,,119.6,0,1,0,0,,,,,,,,,Single candidate infeasible; rejected_reason=nav2_planner_no_path
P2_S2_B2_seed1006,"plant@(2.000,3.000)",2.0,3.0,1,20.9,21.4,,,36.6,0,1,0,0,3.169875174869212,2.9776508112479134,,,,0.21387504300219007,,,Single candidate navigation failed; reason=service_pose_reached_target_outside_treatment_radius
P2_S2_B2_seed1006,"plant@(-6.000,4.500)",-6.0,4.5,2,21.1,37.2,,,77.7,0,1,0,0,10.430294973207115,11.389995402104374,,,,0.32533991301897913,,,Single candidate navigation failed; reason=service_pose_reached_target_outside_treatment_radius
P2_S2_B2_seed1006,"plant@(12.000,2.000)",12.0,2.0,3,21.3,,,,77.9,0,1,0,0,,,,,,,,,Single candidate infeasible; rejected_reason=nav2_planner_no_path
P2_S2_B2_seed1007,"plant@(2.000,3.000)",2.0,3.0,1,20.4,21.0,,,37.2,0,1,0,0,3.169875174869212,2.984497696427525,,,,0.2153261189814657,,,Single candidate navigation failed; reason=service_pose_reached_target_outside_treatment_radius
P2_S2_B2_seed1007,"plant@(-6.000,4.500)",-6.0,4.5,2,20.6,37.7,,,120.4,0,1,0,0,10.430294973207115,10.635052991222265,,,,0.25195455801440403,,,Single candidate navigation failed; reason=navigation_timeout
P2_S2_B2_seed1007,"plant@(12.000,2.000)",12.0,2.0,3,20.9,,,,120.6,0,1,0,0,,,,,,,,,Single candidate infeasible; rejected_reason=nav2_planner_no_path
P2_S2_B2_seed1008,"plant@(2.000,3.000)",2.0,3.0,1,20.4,20.9,,,35.6,0,1,0,0,3.169875174869212,2.9746079433894,,,,0.20490080199670047,,,Single candidate navigation failed; reason=service_pose_reached_target_outside_treatment_radius
P2_S2_B2_seed1008,"plant@(-6.000,4.500)",-6.0,4.5,2,20.6,36.1,,,118.5,0,1,0,0,10.430294973207115,11.156265986551137,,,,0.26381396999931894,,,Single candidate navigation failed; reason=navigation_timeout
P2_S2_B2_seed1008,"plant@(12.000,2.000)",12.0,2.0,3,20.8,,,,118.7,0,1,0,0,,,,,,,,,Single candidate infeasible; rejected_reason=nav2_planner_no_path
P2_S2_B2_seed1009,"plant@(2.000,3.000)",2.0,3.0,1,24.8,25.4,,,38.0,0,1,0,0,3.169875174869212,2.972890306561359,,,,0.2059324960282538,,,Single candidate navigation failed; reason=service_pose_reached_target_outside_treatment_radius
P2_S2_B2_seed1009,"plant@(-6.000,4.500)",-6.0,4.5,2,25.0,38.6,,,121.0,0,1,0,0,10.430294973207115,11.240449528397823,,,,0.25864494100096636,,,Single candidate navigation failed; reason=navigation_timeout
P2_S2_B2_seed1009,"plant@(12.000,2.000)",12.0,2.0,3,25.3,,,,121.2,0,1,0,0,,,,,,,,,Single candidate infeasible; rejected_reason=nav2_planner_no_path
P2_S2_B2_seed1010,"plant@(2.000,3.000)",2.0,3.0,1,20.9,21.4,,,35.1,0,1,0,0,3.169875174869212,2.9383921421674675,,,,0.2121421689807903,,,Single candidate navigation failed; reason=service_pose_reached_target_outside_treatment_radius
P2_S2_B2_seed1010,"plant@(-6.000,4.500)",-6.0,4.5,2,21.1,35.7,,,80.3,0,1,0,0,10.488666469904006,11.359455896757622,,,,0.2577281590201892,,,Single candidate navigation failed; reason=service_pose_reached_target_outside_treatment_radius
P2_S2_B2_seed1010,"plant@(12.000,2.000)",12.0,2.0,3,21.3,,,,80.5,0,1,0,0,,,,,,,,,Single candidate infeasible; rejected_reason=nav2_planner_no_path
P2_S2_B3_seed1001,"plant@(2.000,3.000)",2.0,3.0,1,24.4,41.4,44.0,49.0,49.0,True,2,1,0,0.6720986539475831,2.603287754454442,1.0880002128948423,1.0880002128948423,0.48381981856053186,0.05533505801577121,2.6000000000000014,24.6,
P2_S2_B3_seed1001,"plant@(-6.000,4.500)",-6.0,4.5,2,24.7,87.7,98.0,103.0,103.0,True,3,2,0,0.4987725868906392,7.813911956449849,1.128163704759945,1.128163704759945,0.411555512025252,0.049039449979318306,10.299999999999997,78.3,
P2_S2_B3_seed1001,"plant@(12.000,2.000)",12.0,2.0,3,24.8,191.9,195.2,200.2,200.2,True,2,1,0,0.59031694182513,21.925387000587012,1.113053456937241,1.113053456937241,0.4994634725830481,0.05799276998732239,3.299999999999983,175.39999999999998,
P2_S2_B3_seed1002,"plant@(2.000,3.000)",2.0,3.0,1,20.4,37.0,39.6,44.6,44.6,True,2,1,0,0.6720986539475831,2.575880798031778,1.084122367467263,1.084122367467263,0.4617231884912866,0.04940054100006819,2.6000000000000014,24.200000000000003,
P2_S2_B3_seed1002,"plant@(-6.000,4.500)",-6.0,4.5,2,20.6,83.1,89.8,94.8,94.8,True,3,2,0,0.5318550895747582,7.828053658853972,1.1447319378432534,1.1447319378432534,0.4225972676439257,0.043073228996945545,6.700000000000003,74.19999999999999,
P2_S2_B3_seed1002,"plant@(12.000,2.000)",12.0,2.0,3,20.8,182.1,185.9,190.9,190.9,True,2,1,0,0.5199069882987715,21.97010938627487,1.1081959002522066,1.1081959002522066,0.4789956950459941,0.050157328019849956,3.8000000000000114,170.1,
P2_S2_B3_seed1003,"plant@(2.000,3.000)",2.0,3.0,1,20.3,37.3,39.9,44.9,44.9,True,2,1,0,0.6720986539475831,2.545327719343782,1.1093890478306796,1.1093890478306796,0.4829015280073407,0.05252010599360801,2.6000000000000014,24.599999999999998,
P2_S2_B3_seed1003,"plant@(-6.000,4.500)",-6.0,4.5,2,20.5,83.7,89.8,94.8,94.8,True,3,2,0,0.4987725868906392,7.893344858365306,1.1319710148548932,1.1319710148548932,0.4683279073825024,0.042748986976221204,6.099999999999994,74.3,
P2_S2_B3_seed1003,"plant@(12.000,2.000)",12.0,2.0,3,20.9,182.4,186.2,191.2,191.2,True,2,1,0,0.5538104684940629,21.798614932616065,1.0939250250170618,1.0939250250170618,0.48022334593333077,0.054422827990492806,3.799999999999983,170.29999999999998,
P2_S2_B3_seed1004,"plant@(2.000,3.000)",2.0,3.0,1,20.3,37.1,39.6,44.6,44.6,True,2,1,0,0.6720986539475831,2.5998357100687848,1.0973973797919907,1.0973973797919907,0.4800303990877877,0.05289010499836877,2.5,24.3,
P2_S2_B3_seed1004,"plant@(-6.000,4.500)",-6.0,4.5,2,20.5,84.0,89.5,94.5,94.5,True,3,2,0,0.4987725868906392,7.874862244272123,1.1114744799300302,1.1114744799300302,0.47301737616943046,0.04527979201520793,5.5,74.0,
P2_S2_B3_seed1004,"plant@(12.000,2.000)",12.0,2.0,3,20.6,181.4,185.2,190.2,190.2,True,2,1,0,0.5538104684940629,21.91187520486449,1.090078903418976,1.090078903418976,0.48485403430068125,0.0556896879861597,3.799999999999983,169.6,
P2_S2_B3_seed1005,"plant@(2.000,3.000)",2.0,3.0,1,20.7,37.6,40.2,45.2,45.2,True,2,1,0,0.6720986539475831,2.609993017127901,1.0800980030768006,1.0800980030768006,0.4979748152414402,0.04628206498455256,2.6000000000000014,24.500000000000004,
P2_S2_B3_seed1005,"plant@(-6.000,4.500)",-6.0,4.5,2,20.9,80.7,87.3,92.3,92.3,True,2,1,0,0.4991392619099029,7.828544670786378,1.143705503378497,1.143705503378497,0.3692836686957113,0.0436838949972298,6.599999999999994,71.4,
P2_S2_B3_seed1005,"plant@(12.000,2.000)",12.0,2.0,3,21.6,178.7,182.5,187.5,187.5,True,2,1,0,0.5538104684940629,21.887761628992934,1.1337383276973818,1.1337383276973818,0.48717693727895317,0.05808653199346736,3.8000000000000114,165.9,
P2_S2_B3_seed1006,"plant@(2.000,3.000)",2.0,3.0,1,20.9,37.7,40.8,45.8,45.8,True,2,1,0,0.720646182769176,2.5960094074225823,1.1003809467352303,1.1003809467352303,0.47052991828236285,0.05608125898288563,3.0999999999999943,24.9,
P2_S2_B3_seed1006,"plant@(-6.000,4.500)",-6.0,4.5,2,21.1,84.3,89.0,94.0,94.0,True,3,2,0,0.4987725868906392,7.8447483991566065,1.1056259775356723,1.1056259775356723,0.49470255752028913,0.04340655100531876,4.700000000000003,72.9,
P2_S2_B3_seed1006,"plant@(12.000,2.000)",12.0,2.0,3,21.3,181.8,185.5,190.5,190.5,True,2,1,0,0.5596506055230094,21.83197796673196,1.1269738899143094,1.1269738899143094,0.504258462931631,0.05189844098640606,3.6999999999999886,169.2,
P2_S2_B3_seed1007,"plant@(2.000,3.000)",2.0,3.0,1,20.3,37.0,39.6,44.6,44.6,True,2,1,0,0.720646182769176,2.5505758718436073,1.1049469386987956,1.1049469386987956,0.4811057413945108,0.05468818201916292,2.6000000000000014,24.3,
P2_S2_B3_seed1007,"plant@(-6.000,4.500)",-6.0,4.5,2,20.5,83.8,91.1,96.1,96.1,True,3,2,0,0.4987725868906392,7.878547236067149,1.1446375533346997,1.1446375533346997,0.41623192292913685,0.04392894497141242,7.299999999999997,75.6,
P2_S2_B3_seed1007,"plant@(12.000,2.000)",12.0,2.0,3,20.9,183.3,187.0,192.0,192.0,True,2,1,0,0.5538104684940629,21.805586914059585,1.1194721007399482,1.1194721007399482,0.4907413441696587,0.05614137800876051,3.6999999999999886,171.1,
P2_S2_B3_seed1008,"plant@(2.000,3.000)",2.0,3.0,1,24.4,41.8,44.4,49.4,49.4,True,2,1,0,0.6393697794091422,2.59170778552151,1.09844925257299,1.09844925257299,0.485054657297537,0.049613274983130395,2.6000000000000014,25.0,
P2_S2_B3_seed1008,"plant@(-6.000,4.500)",-6.0,4.5,2,24.6,88.0,94.1,99.1,99.1,True,3,2,0,0.5182331863994806,7.797062558786193,1.1432881394716048,1.1432881394716048,0.4880900894764674,0.03969482600223273,6.099999999999994,74.5,
P2_S2_B3_seed1008,"plant@(12.000,2.000)",12.0,2.0,3,24.8,186.9,190.0,195.0,195.0,True,2,1,0,0.5538104684940629,21.761280894924898,1.1210181582233205,1.1210181582233205,0.49638888678135146,0.058225526998285204,3.0999999999999943,170.2,
P2_S2_B3_seed1009,"plant@(2.000,3.000)",2.0,3.0,1,24.9,42.1,44.6,49.6,49.6,True,2,1,0,0.6393697794091422,2.541681822342228,1.1461380926979707,1.1461380926979707,0.49596197938599984,0.0451595560007263,2.5,24.700000000000003,
P2_S2_B3_seed1009,"plant@(-6.000,4.500)",-6.0,4.5,2,25.1,88.8,94.8,99.8,99.8,True,3,2,0,0.5318550895747582,7.805618010170355,1.128086251440794,1.128086251440794,0.47126072286243265,0.04526408002129756,6.0,74.69999999999999,
P2_S2_B3_seed1009,"plant@(12.000,2.000)",12.0,2.0,3,25.3,187.7,190.8,195.8,195.8,True,2,1,0,0.6245392626003051,21.84130478949779,1.1206504267478765,1.1206504267478765,0.5073117211078069,0.05561201702221297,3.1000000000000227,170.5,
P2_S2_B3_seed1010,"plant@(2.000,3.000)",2.0,3.0,1,20.7,37.8,40.4,45.4,45.4,True,2,1,0,0.6867998464431404,2.5820105731129184,1.0721319863961618,1.0721319863961618,0.46854691453890546,0.05064279801445082,2.6000000000000014,24.7,
P2_S2_B3_seed1010,"plant@(-6.000,4.500)",-6.0,4.5,2,20.9,84.4,90.5,95.5,95.5,True,3,2,0,0.5461850307554231,7.772985053003093,1.149304844900066,1.149304844900066,0.45403470024277526,0.04872487601824105,6.099999999999994,74.6,
P2_S2_B3_seed1010,"plant@(12.000,2.000)",12.0,2.0,3,21.1,183.0,186.8,191.8,191.8,True,2,1,0,0.5538104684940629,21.947037815873724,1.1170424952472084,1.1170424952472084,0.4974512598818019,0.051120823016390204,3.8000000000000114,170.70000000000002,
P2_S2_P_seed1001,"plant@(2.000,3.000)",2.0,3.0,1,20.6,37.8,40.4,45.4,45.4,True,2,1,0,0.6867998464431404,2.58831487456245,1.068536327350477,1.068536327350477,0.4800513264628758,0.0521509530080948,2.6000000000000014,24.799999999999997,
P2_S2_P_seed1001,"plant@(-6.000,4.500)",-6.0,4.5,2,20.8,85.8,90.7,95.7,95.7,True,3,2,0,0.5182331863994806,7.948969077420584,1.1271018403574413,1.1271018403574413,0.5082498476645672,0.04915986899868585,4.900000000000006,74.9,
P2_S2_P_seed1001,"plant@(12.000,2.000)",12.0,2.0,3,21.0,193.4,197.1,202.1,202.1,True,2,1,0,0.5596506055230094,21.858352020978945,1.1163654203218891,1.1163654203218891,0.48630053007790275,0.05544875800842419,3.6999999999999886,181.1,
P2_S2_P_seed1002,"plant@(2.000,3.000)",2.0,3.0,1,20.3,37.7,40.2,45.2,45.2,True,2,1,0,0.6393697794091422,2.5818494426501815,1.1044560489649964,1.1044560489649964,0.5027512872455228,0.04753329200320877,2.5,24.900000000000002,
P2_S2_P_seed1002,"plant@(-6.000,4.500)",-6.0,4.5,2,20.5,85.2,90.7,95.7,95.7,True,3,2,0,0.5641493342462924,7.771165165588526,1.1288374707445297,1.1288374707445297,0.500220497111237,0.04956834198674187,5.5,75.2,
P2_S2_P_seed1002,"plant@(12.000,2.000)",12.0,2.0,3,20.7,183.2,186.9,191.9,191.9,True,2,1,0,0.5538104684940629,21.90057591620377,1.099398112283148,1.099398112283148,0.48931493378425767,0.04900127099244855,3.700000000000017,171.20000000000002,
P2_S2_P_seed1003,"plant@(2.000,3.000)",2.0,3.0,1,24.2,41.1,44.2,49.2,49.2,True,2,1,0,0.6720986539475831,2.5958814483691737,1.1027007951484757,1.1027007951484757,0.4623439898543329,0.050086592993466184,3.1000000000000014,25.000000000000004,
P2_S2_P_seed1003,"plant@(-6.000,4.500)",-6.0,4.5,2,24.4,87.5,92.4,97.4,97.4,True,3,2,0,0.4831804496595684,7.848914263814434,1.1064333435408273,1.1064333435408273,0.46681613526717763,0.04836613399675116,4.900000000000006,73.0,
P2_S2_P_seed1003,"plant@(12.000,2.000)",12.0,2.0,3,24.6,183.9,187.7,192.7,192.7,True,2,1,0,0.5538104684940629,21.882267274475293,1.0929813451548063,1.0929813451548063,0.5037833032468486,0.05263597797602415,3.799999999999983,168.1,
P2_S2_P_seed1004,"plant@(2.000,3.000)",2.0,3.0,1,20.4,37.5,40.1,45.1,45.1,True,2,1,0,0.6720986539475831,2.59779372284127,1.0990262521584673,1.0990262521584673,0.48053857311143006,0.04872506798710674,2.6000000000000014,24.700000000000003,
P2_S2_P_seed1004,"plant@(-6.000,4.500)",-6.0,4.5,2,20.6,86.4,91.9,96.9,96.9,True,3,2,0,0.4987725868906392,7.871879072633389,1.1268779112763716,1.1268779112763716,0.46804831782671635,0.05550533102359623,5.5,76.30000000000001,
P2_S2_P_seed1004,"plant@(12.000,2.000)",12.0,2.0,3,20.8,184.2,187.4,192.4,192.4,True,2,1,0,0.5538104684940629,21.87939281508908,1.1386262896441244,1.1386262896441244,0.49777508653641644,0.06781995200435631,3.200000000000017,171.6,
P2_S2_P_seed1005,"plant@(2.000,3.000)",2.0,3.0,1,20.4,37.4,40.0,45.0,45.0,True,2,1,0,0.6720986539475831,2.604803591015418,1.0868674194548436,1.0868674194548436,0.4852741187081599,0.05012105201603845,2.6000000000000014,24.6,
P2_S2_P_seed1005,"plant@(-6.000,4.500)",-6.0,4.5,2,20.6,83.9,89.3,94.3,94.3,True,3,2,0,0.4987725868906392,7.97759146473823,1.114535640683143,1.114535640683143,0.4315075812020162,0.04140479999477975,5.3999999999999915,73.69999999999999,
P2_S2_P_seed1005,"plant@(12.000,2.000)",12.0,2.0,3,20.8,179.2,182.4,187.4,187.4,True,2,1,0,0.5538104684940629,21.660871205304797,1.130899466723995,1.130899466723995,0.5068947477473671,0.05850132100749761,3.200000000000017,166.6,
P2_S2_P_seed1006,"plant@(2.000,3.000)",2.0,3.0,1,24.5,41.9,44.5,49.5,49.5,True,2,1,0,0.6867998464431404,2.595479464749703,1.0738247848676727,1.0738247848676727,0.477851463746734,0.050762366998242214,2.6000000000000014,25.0,
P2_S2_P_seed1006,"plant@(-6.000,4.500)",-6.0,4.5,2,24.8,88.4,97.0,102.0,102.0,True,3,2,0,0.4987725868906392,7.97392856393244,1.1456497727199904,1.1456497727199904,0.3517873301673209,0.040881130000343546,8.599999999999994,77.2,
P2_S2_P_seed1006,"plant@(12.000,2.000)",12.0,2.0,3,25.3,188.0,191.2,196.2,196.2,True,2,1,0,0.5596506055230094,21.77024965283514,1.1246161825390568,1.1246161825390568,0.4975086920844957,0.054980084009002894,3.1999999999999886,170.89999999999998,
P2_S2_P_seed1007,"plant@(2.000,3.000)",2.0,3.0,1,20.4,37.4,40.0,45.0,45.0,True,2,1,0,0.6720986539475831,2.573449406373088,1.1250254462857228,1.1250254462857228,0.4802627804151039,0.05733125100960024,2.6000000000000014,24.6,
P2_S2_P_seed1007,"plant@(-6.000,4.500)",-6.0,4.5,2,20.6,83.5,88.8,93.8,93.8,True,3,2,0,0.5318550895747582,7.76452599932654,1.1405173870739906,1.1405173870739906,0.4871388211644308,0.04973574000177905,5.299999999999997,73.19999999999999,
P2_S2_P_seed1007,"plant@(12.000,2.000)",12.0,2.0,3,20.8,180.9,184.5,189.5,189.5,True,2,1,0,0.5538104684940629,21.826539383455774,1.1022869986533017,1.1022869986533017,0.4673262328550166,0.052024139004061,3.5999999999999943,168.7,
P2_S2_P_seed1008,"plant@(2.000,3.000)",2.0,3.0,1,21.0,37.7,40.3,45.3,45.3,True,2,1,0,0.720646182769176,2.6419252751215745,1.0569461449678816,1.0569461449678816,0.4927410230365796,0.050456863013096154,2.5999999999999943,24.299999999999997,
P2_S2_P_seed1008,"plant@(-6.000,4.500)",-6.0,4.5,2,21.2,80.8,86.4,91.4,91.4,True,2,1,0,0.4991392619099029,7.761086378682085,1.1392451759520945,1.1392451759520945,0.3684557107857862,0.04819359100656584,5.6000000000000085,70.2,
P2_S2_P_seed1008,"plant@(12.000,2.000)",12.0,2.0,3,21.4,177.1,180.3,185.3,185.3,True,2,1,0,0.5538104684940629,21.879901707986015,1.1050986795599622,1.1050986795599622,0.5058390112431631,0.05672119199880399,3.200000000000017,163.9,
P2_S2_P_seed1009,"plant@(2.000,3.000)",2.0,3.0,1,20.2,37.3,39.9,44.9,44.9,True,2,1,0,0.6720986539475831,2.597526158162513,1.0949366147418158,1.0949366147418158,0.48280115776021415,0.0515011039969977,2.6000000000000014,24.7,
P2_S2_P_seed1009,"plant@(-6.000,4.500)",-6.0,4.5,2,20.4,84.9,91.1,96.1,96.1,True,3,2,0,0.5461850307554231,7.7957918901685685,1.123781903543471,1.123781903543471,0.4927673159359238,0.03935352899134159,6.199999999999989,75.69999999999999,
P2_S2_P_seed1009,"plant@(12.000,2.000)",12.0,2.0,3,20.5,185.1,188.9,193.9,193.9,True,2,1,0,0.5538104684940629,21.898004681422595,1.1311553297469612,1.1311553297469612,0.49432186052239413,0.05779030901612714,3.8000000000000114,173.4,
P2_S2_P_seed1010,"plant@(2.000,3.000)",2.0,3.0,1,20.7,38.1,40.7,45.7,45.7,True,2,1,0,0.6393697794091422,2.559288251267597,1.1337833632229837,1.1337833632229837,0.4955532276724324,0.045390572980977595,2.6000000000000014,25.000000000000004,
P2_S2_P_seed1010,"plant@(-6.000,4.500)",-6.0,4.5,2,20.9,85.2,90.2,95.2,95.2,True,3,2,0,0.4987725868906392,7.850586139744142,1.1257454522461203,1.1257454522461203,0.4643203603964718,0.04283696800121106,5.0,74.30000000000001,
P2_S2_P_seed1010,"plant@(12.000,2.000)",12.0,2.0,3,21.1,181.5,184.7,189.7,189.7,True,2,1,0,0.5538104684940629,21.905321945641774,1.1389546457831643,1.1389546457831643,0.5172619990420736,0.049075444985646755,3.1999999999999886,168.6,
P2_S3_B1_seed1001,"plant@(2.000,3.000)",2.0,3.0,1,20.4,20.7,30.3,35.3,35.3,True,1,0,0,,2.698525111798711,1.0799612617876444,1.0799612617876444,1.0799612617876444,,9.600000000000001,14.899999999999999,
P2_S3_B1_seed1001,"plant@(-6.000,4.500)",-6.0,4.5,2,20.6,35.5,,,178.6,0,1,0,0,,0.38952400707375573,,,,,,,Direct target goal failed; reason=navigation_timeout
P2_S3_B1_seed1001,"plant@(12.000,2.000)",12.0,2.0,3,20.6,178.9,,,301.9,0,1,0,0,,0.2544633667078371,,,,,,,Direct target goal failed; reason=amcl_stale
P2_S3_B1_seed1002,"plant@(2.000,3.000)",2.0,3.0,1,25.0,25.3,35.1,40.1,40.1,True,1,0,0,,2.7047982230332233,1.070976121484112,1.070976121484112,1.070976121484112,,9.8,15.100000000000001,
P2_S3_B1_seed1002,"plant@(-6.000,4.500)",-6.0,4.5,2,25.2,40.3,,,111.1,0,1,0,0,,0.3723516494385285,,,,,,,Direct target goal failed; reason=navigation_timeout
P2_S3_B1_seed1002,"plant@(12.000,2.000)",12.0,2.0,3,25.2,111.4,,,192.6,0,1,0,0,,0.06872265465406938,,,,,,,Direct target goal failed; reason=navigation_timeout
P2_S3_B1_seed1003,"plant@(2.000,3.000)",2.0,3.0,1,20.9,21.2,30.9,35.9,35.9,True,1,0,0,,2.7070624842623308,1.0839372141470462,1.0839372141470462,1.0839372141470462,,9.7,15.0,
P2_S3_B1_seed1003,"plant@(-6.000,4.500)",-6.0,4.5,2,21.1,36.1,83.1,88.1,88.1,True,1,0,0,,8.045382456213614,1.1024873982074037,1.1024873982074037,1.1024873982074037,,46.99999999999999,67.0,
P2_S3_B1_seed1003,"plant@(12.000,2.000)",12.0,2.0,3,21.1,88.3,172.6,177.6,177.6,True,1,0,0,,22.078235498656802,1.0834882291274326,1.0834882291274326,1.0834882291274326,,84.3,156.5,
P2_S3_B1_seed1004,"plant@(2.000,3.000)",2.0,3.0,1,24.5,24.8,34.5,39.5,39.5,True,1,0,0,,2.71177776980997,1.078140725568511,1.078140725568511,1.078140725568511,,9.7,15.0,
P2_S3_B1_seed1004,"plant@(-6.000,4.500)",-6.0,4.5,2,24.7,39.7,,,110.4,0,1,0,0,,0.48166263743594434,,,,,,,Direct target goal failed; reason=navigation_timeout
P2_S3_B1_seed1004,"plant@(12.000,2.000)",12.0,2.0,3,24.7,110.7,,,192.0,0,1,0,0,,0.07026682058315993,,,,,,,Direct target goal failed; reason=navigation_timeout
P2_S3_B1_seed1005,"plant@(2.000,3.000)",2.0,3.0,1,24.5,24.8,34.6,39.6,39.6,True,1,0,0,,2.692060037205452,1.0860828060613292,1.0860828060613292,1.0860828060613292,,9.8,15.100000000000001,
P2_S3_B1_seed1005,"plant@(-6.000,4.500)",-6.0,4.5,2,24.7,39.8,84.8,89.8,89.8,True,1,0,0,,8.010966269337548,1.116511524281069,1.116511524281069,1.116511524281069,,45.0,65.1,
P2_S3_B1_seed1005,"plant@(12.000,2.000)",12.0,2.0,3,24.7,90.0,171.6,176.6,176.6,True,1,0,0,,21.97644821374407,1.0826159643897315,1.0826159643897315,1.0826159643897315,,81.6,151.9,
P2_S3_B1_seed1006,"plant@(2.000,3.000)",2.0,3.0,1,24.3,24.6,34.3,39.3,39.3,True,1,0,0,,2.6944278488731928,1.079140422704044,1.079140422704044,1.079140422704044,,9.699999999999996,14.999999999999996,
P2_S3_B1_seed1006,"plant@(-6.000,4.500)",-6.0,4.5,2,24.5,39.5,,,180.7,0,1,0,0,,0.46294224076082147,,,,,,,Direct target goal failed; reason=navigation_timeout
P2_S3_B1_seed1006,"plant@(12.000,2.000)",12.0,2.0,3,24.5,181.0,,,262.0,0,1,0,0,,0.06835356002885072,,,,,,,Direct target goal failed; reason=navigation_timeout
P2_S3_B1_seed1007,"plant@(2.000,3.000)",2.0,3.0,1,25.0,25.3,35.1,40.1,40.1,True,1,0,0,,2.7019322892037794,1.0750330791696265,1.0750330791696265,1.0750330791696265,,9.8,15.100000000000001,
P2_S3_B1_seed1007,"plant@(-6.000,4.500)",-6.0,4.5,2,25.2,40.3,,,111.4,0,1,0,0,,0.4249786805591659,,,,,,,Direct target goal failed; reason=navigation_timeout
P2_S3_B1_seed1007,"plant@(12.000,2.000)",12.0,2.0,3,25.3,111.7,,,274.4,0,1,0,0,,0.13767894521182938,,,,,,,Direct target goal failed; reason=navigation_timeout
P2_S3_B1_seed1008,"plant@(2.000,3.000)",2.0,3.0,1,20.5,20.8,30.6,35.6,35.6,True,1,0,0,,2.725555414199089,1.0699854248267258,1.0699854248267258,1.0699854248267258,,9.8,15.100000000000001,
P2_S3_B1_seed1008,"plant@(-6.000,4.500)",-6.0,4.5,2,20.7,35.8,,,106.6,0,1,0,0,,0.373765513828111,,,,,,,Direct target goal failed; reason=navigation_timeout
P2_S3_B1_seed1008,"plant@(12.000,2.000)",12.0,2.0,3,20.7,106.9,,,188.2,0,1,0,0,,0.0691948186133598,,,,,,,Direct target goal failed; reason=navigation_timeout
P2_S3_B1_seed1009,"plant@(2.000,3.000)",2.0,3.0,1,20.4,20.7,29.9,34.9,34.9,True,1,0,0,,2.6218140670276946,1.1460509002465236,1.1460509002465236,1.1460509002465236,,9.2,14.5,
P2_S3_B1_seed1009,"plant@(-6.000,4.500)",-6.0,4.5,2,20.6,35.1,,,105.6,0,1,0,0,,0.39753214823832067,,,,,,,Direct target goal failed; reason=navigation_timeout
P2_S3_B1_seed1009,"plant@(12.000,2.000)",12.0,2.0,3,20.6,105.9,,,168.7,0,1,0,0,,0.053026092308758536,,,,,,,Direct target goal failed; reason=amcl_stale
P2_S3_B1_seed1010,"plant@(2.000,3.000)",2.0,3.0,1,24.5,24.8,34.3,39.3,39.3,True,1,0,0,,2.679728575703756,1.0863935572923735,1.0863935572923735,1.0863935572923735,,9.499999999999996,14.799999999999997,
P2_S3_B1_seed1010,"plant@(-6.000,4.500)",-6.0,4.5,2,24.7,39.5,,,110.5,0,1,0,0,,0.4045520182459523,,,,,,,Direct target goal failed; reason=navigation_timeout
P2_S3_B1_seed1010,"plant@(12.000,2.000)",12.0,2.0,3,24.7,110.8,,,192.1,0,1,0,0,,0.06868570311130372,,,,,,,Direct target goal failed; reason=navigation_timeout
P2_S3_B2_seed1001,"plant@(2.000,3.000)",2.0,3.0,1,24.5,25.0,,,41.9,0,1,0,0,3.169875174869212,2.9715626071015873,,,,0.20340214198222384,,,Single candidate navigation failed; reason=service_pose_reached_target_outside_treatment_radius
P2_S3_B2_seed1001,"plant@(-6.000,4.500)",-6.0,4.5,2,24.7,,,,41.9,0,1,0,0,,,,,,,,,Single candidate infeasible; rejected_reason=nav2_planner_no_path
P2_S3_B2_seed1001,"plant@(12.000,2.000)",12.0,2.0,3,24.9,,,,42.4,0,1,0,0,,,,,,,,,Single candidate infeasible; rejected_reason=nav2_planner_no_path
P2_S3_B2_seed1002,"plant@(2.000,3.000)",2.0,3.0,1,24.6,25.1,,,37.0,0,1,0,0,3.169875174869212,2.9629169917128007,,,,0.20587703998899087,,,Single candidate navigation failed; reason=service_pose_reached_target_outside_treatment_radius
P2_S3_B2_seed1002,"plant@(-6.000,4.500)",-6.0,4.5,2,24.8,,,,37.2,0,1,0,0,,,,,,,,,Single candidate infeasible; rejected_reason=nav2_planner_no_path
P2_S3_B2_seed1002,"plant@(12.000,2.000)",12.0,2.0,3,25.0,,,,37.4,0,1,0,0,,,,,,,,,Single candidate infeasible; rejected_reason=nav2_planner_no_path
P2_S3_B2_seed1003,"plant@(2.000,3.000)",2.0,3.0,1,21.0,21.5,,,34.6,0,1,0,0,3.169875174869212,2.952058179214806,,,,0.2199589840020053,,,Single candidate navigation failed; reason=service_pose_reached_target_outside_treatment_radius
P2_S3_B2_seed1003,"plant@(-6.000,4.500)",-6.0,4.5,2,21.2,,,,34.8,0,1,0,0,,,,,,,,,Single candidate infeasible; rejected_reason=nav2_planner_no_path
P2_S3_B2_seed1003,"plant@(12.000,2.000)",12.0,2.0,3,21.4,,,,35.0,0,1,0,0,,,,,,,,,Single candidate infeasible; rejected_reason=nav2_planner_no_path
P2_S3_B2_seed1004,"plant@(2.000,3.000)",2.0,3.0,1,20.3,20.8,,,33.7,0,1,0,0,3.169875174869212,2.9281072313904275,,,,0.21128343700547703,,,Single candidate navigation failed; reason=service_pose_reached_target_outside_treatment_radius
P2_S3_B2_seed1004,"plant@(-6.000,4.500)",-6.0,4.5,2,20.5,,,,33.9,0,1,0,0,,,,,,,,,Single candidate infeasible; rejected_reason=nav2_planner_no_path
P2_S3_B2_seed1004,"plant@(12.000,2.000)",12.0,2.0,3,20.7,,,,34.1,0,1,0,0,,,,,,,,,Single candidate infeasible; rejected_reason=nav2_planner_no_path
P2_S3_B2_seed1005,"plant@(2.000,3.000)",2.0,3.0,1,24.5,25.0,,,37.5,0,1,0,0,3.169875174869212,2.9592207085929245,,,,0.2126830500201322,,,Single candidate navigation failed; reason=service_pose_reached_target_outside_treatment_radius
P2_S3_B2_seed1005,"plant@(-6.000,4.500)",-6.0,4.5,2,24.7,,,,37.7,0,1,0,0,,,,,,,,,Single candidate infeasible; rejected_reason=nav2_planner_no_path
P2_S3_B2_seed1005,"plant@(12.000,2.000)",12.0,2.0,3,24.9,,,,37.9,0,1,0,0,,,,,,,,,Single candidate infeasible; rejected_reason=nav2_planner_no_path
P2_S3_B2_seed1006,"plant@(2.000,3.000)",2.0,3.0,1,25.0,25.5,,,37.5,0,1,0,0,3.169875174869212,2.9328679325014315,,,,0.21396360601647757,,,Single candidate navigation failed; reason=service_pose_reached_target_outside_treatment_radius
P2_S3_B2_seed1006,"plant@(-6.000,4.500)",-6.0,4.5,2,25.2,,,,37.7,0,1,0,0,,,,,,,,,Single candidate infeasible; rejected_reason=nav2_planner_no_path
P2_S3_B2_seed1006,"plant@(12.000,2.000)",12.0,2.0,3,25.4,,,,37.9,0,1,0,0,,,,,,,,,Single candidate infeasible; rejected_reason=nav2_planner_no_path
P2_S3_B2_seed1007,"plant@(2.000,3.000)",2.0,3.0,1,20.3,20.8,,,33.1,0,1,0,0,3.169875174869212,2.9702860402009432,,,,0.2242833240015898,,,Single candidate navigation failed; reason=service_pose_reached_target_outside_treatment_radius
P2_S3_B2_seed1007,"plant@(-6.000,4.500)",-6.0,4.5,2,20.5,,,,33.3,0,1,0,0,,,,,,,,,Single candidate infeasible; rejected_reason=nav2_planner_no_path
P2_S3_B2_seed1007,"plant@(12.000,2.000)",12.0,2.0,3,20.7,,,,33.5,0,1,0,0,,,,,,,,,Single candidate infeasible; rejected_reason=nav2_planner_no_path
P2_S3_B2_seed1008,"plant@(2.000,3.000)",2.0,3.0,1,20.2,20.7,,,34.7,0,1,0,0,3.169875174869212,2.9986355490298293,,,,0.2111029860097915,,,Single candidate navigation failed; reason=service_pose_reached_target_outside_treatment_radius
P2_S3_B2_seed1008,"plant@(-6.000,4.500)",-6.0,4.5,2,20.4,,,,34.9,0,1,0,0,,,,,,,,,Single candidate infeasible; rejected_reason=nav2_planner_no_path
P2_S3_B2_seed1008,"plant@(12.000,2.000)",12.0,2.0,3,20.6,,,,35.1,0,1,0,0,,,,,,,,,Single candidate infeasible; rejected_reason=nav2_planner_no_path
P2_S3_B2_seed1009,"plant@(2.000,3.000)",2.0,3.0,1,24.4,24.9,,,39.8,0,1,0,0,3.169875174869212,2.9786197673515615,,,,0.21202407201053575,,,Single candidate navigation failed; reason=service_pose_reached_target_outside_treatment_radius
P2_S3_B2_seed1009,"plant@(-6.000,4.500)",-6.0,4.5,2,24.6,,,,40.0,0,1,0,0,,,,,,,,,Single candidate infeasible; rejected_reason=nav2_planner_no_path
P2_S3_B2_seed1009,"plant@(12.000,2.000)",12.0,2.0,3,24.8,,,,40.2,0,1,0,0,,,,,,,,,Single candidate infeasible; rejected_reason=nav2_planner_no_path
P2_S3_B2_seed1010,"plant@(2.000,3.000)",2.0,3.0,1,20.8,21.3,,,34.2,0,1,0,0,3.169875174869212,2.9823136148362,,,,0.2084312530059833,,,Single candidate navigation failed; reason=service_pose_reached_target_outside_treatment_radius
P2_S3_B2_seed1010,"plant@(-6.000,4.500)",-6.0,4.5,2,21.0,,,,34.4,0,1,0,0,,,,,,,,,Single candidate infeasible; rejected_reason=nav2_planner_no_path
P2_S3_B2_seed1010,"plant@(12.000,2.000)",12.0,2.0,3,21.2,,,,34.6,0,1,0,0,,,,,,,,,Single candidate infeasible; rejected_reason=nav2_planner_no_path
P2_S3_B3_seed1001,"plant@(2.000,3.000)",2.0,3.0,1,24.7,41.9,44.5,49.5,49.5,True,2,1,0,0.6720986539475831,2.6080542439079886,1.0620940472935603,1.0620940472935603,0.45755651001380326,0.053247719013597816,2.6000000000000014,24.8,
P2_S3_B3_seed1001,"plant@(-6.000,4.500)",-6.0,4.5,2,24.9,95.2,99.5,104.5,104.5,True,3,2,0,0.5318550895747582,7.802163569013555,1.1201933987710786,1.1201933987710786,0.4823064347466619,0.04920546599896625,4.299999999999997,79.6,
P2_S3_B3_seed1001,"plant@(12.000,2.000)",12.0,2.0,3,25.3,,,,110.2,0,1,0,0,,,,,,,,,B3 sequential/nonpersistent failure: No feasible candidate; rejections=32
P2_S3_B3_seed1002,"plant@(2.000,3.000)",2.0,3.0,1,20.3,37.5,40.1,45.1,45.1,True,2,1,0,0.6393697794091422,2.590653628052658,1.0868342977629113,1.0868342977629113,0.48984848174084533,0.04462140699615702,2.6000000000000014,24.8,
P2_S3_B3_seed1002,"plant@(-6.000,4.500)",-6.0,4.5,2,20.5,87.6,92.9,97.9,97.9,True,3,2,0,0.4987725868906392,7.898665334267321,1.1453077239318505,1.1453077239318505,0.4747929346768951,0.0452002180099953,5.300000000000011,77.4,
P2_S3_B3_seed1002,"plant@(12.000,2.000)",12.0,2.0,3,20.9,103.7,,,127.4,0,2,1,0,21.5267224825696,3.1191438937383995,,,,5.5442765999468975,,,B3 sequential/nonpersistent failure: No feasible candidate; rejections=31
P2_S3_B3_seed1003,"plant@(2.000,3.000)",2.0,3.0,1,24.7,42.3,44.9,49.9,49.9,True,2,1,0,0.6393697794091422,2.5974657434702637,1.0940503776494381,1.0940503776494381,0.48874024188531195,0.048492187983356416,2.6000000000000014,25.2,
P2_S3_B3_seed1003,"plant@(-6.000,4.500)",-6.0,4.5,2,24.9,94.6,100.0,105.0,105.0,True,3,2,0,0.59401096075799,7.747935239800011,1.131221300385622,1.131221300385622,0.47775573896847756,0.04914469600771554,5.400000000000006,80.1,
P2_S3_B3_seed1003,"plant@(12.000,2.000)",12.0,2.0,3,25.1,,,,111.4,0,1,0,0,,,,,,,,,B3 sequential/nonpersistent failure: No feasible candidate; rejections=32
P2_S3_B3_seed1004,"plant@(2.000,3.000)",2.0,3.0,1,20.8,37.9,40.5,45.5,45.5,True,2,1,0,0.6720986539475831,2.5771974061334286,1.0803429848357282,1.0803429848357282,0.46490042165796647,0.05509519300539978,2.6000000000000014,24.7,
P2_S3_B3_seed1004,"plant@(-6.000,4.500)",-6.0,4.5,2,21.0,92.7,98.2,103.2,103.2,True,3,2,0,0.5182331863994806,7.822380759295002,1.1419474231705924,1.1419474231705924,0.4634410106174184,0.0483701060002204,5.5,82.2,
P2_S3_B3_seed1004,"plant@(12.000,2.000)",12.0,2.0,3,21.2,,,,108.5,0,1,0,0,,,,,,,,,B3 sequential/nonpersistent failure: No feasible candidate; rejections=32
P2_S3_B3_seed1005,"plant@(2.000,3.000)",2.0,3.0,1,24.4,41.6,44.2,49.2,49.2,True,2,1,0,0.6867998464431404,2.594871739597188,1.1010304861594025,1.1010304861594025,0.49765120864649426,0.05364567399374209,2.6000000000000014,24.800000000000004,
P2_S3_B3_seed1005,"plant@(-6.000,4.500)",-6.0,4.5,2,24.6,101.4,105.7,110.7,110.7,True,3,2,0,0.59401096075799,7.880467347237207,1.122606748141978,1.122606748141978,0.5245742923632152,0.07079597198753618,4.299999999999997,86.1,
P2_S3_B3_seed1005,"plant@(12.000,2.000)",12.0,2.0,3,24.8,119.6,,,137.5,0,1,0,0,21.19450794294404,3.922112509930497,,,,8.611728239018703,,,B3 sequential/nonpersistent failure: Localization interrupted navigation: amcl_covariance_high
P2_S3_B3_seed1006,"plant@(2.000,3.000)",2.0,3.0,1,20.7,38.0,40.5,45.5,45.5,True,2,1,0,0.6867998464431404,2.575632076336452,1.1167939727183944,1.1167939727183944,0.4867127573460656,0.04681339900707826,2.5,24.8,
P2_S3_B3_seed1006,"plant@(-6.000,4.500)",-6.0,4.5,2,20.9,86.6,90.9,95.9,95.9,True,3,2,0,0.5461850307554231,7.876974263387691,1.1349121734621885,1.1349121734621885,0.5076171487909846,0.04827409697463736,4.300000000000011,75.0,
P2_S3_B3_seed1006,"plant@(12.000,2.000)",12.0,2.0,3,21.1,101.6,,,124.1,0,2,1,0,21.5267224825696,3.2358910195278545,,,,5.5178086739906576,,,B3 sequential/nonpersistent failure: No feasible candidate; rejections=31
P2_S3_B3_seed1007,"plant@(2.000,3.000)",2.0,3.0,1,24.5,41.4,44.0,49.0,49.0,True,2,1,0,0.6720986539475831,2.5407068824997077,1.1489515162251729,1.1489515162251729,0.4876087312854165,0.04729303001658991,2.6000000000000014,24.5,
P2_S3_B3_seed1007,"plant@(-6.000,4.500)",-6.0,4.5,2,24.7,89.0,95.7,100.7,100.7,True,3,2,0,0.5461850307554231,7.746424833439601,1.1397540899122673,1.1397540899122673,0.4661030773815771,0.04904979999992065,6.700000000000003,76.0,
P2_S3_B3_seed1007,"plant@(12.000,2.000)",12.0,2.0,3,24.9,,,,106.0,0,1,0,0,,,,,,,,,B3 sequential/nonpersistent failure: No feasible candidate; rejections=32
P2_S3_B3_seed1008,"plant@(2.000,3.000)",2.0,3.0,1,20.8,37.9,40.5,45.5,45.5,True,2,1,0,0.6867998464431404,2.58530417419096,1.0947796208218392,1.0947796208218392,0.48265498508983895,0.05317593098152429,2.6000000000000014,24.7,
P2_S3_B3_seed1008,"plant@(-6.000,4.500)",-6.0,4.5,2,21.0,92.4,96.2,101.2,101.2,True,3,2,0,0.5807156246808054,7.777800367207717,1.132776823820174,1.132776823820174,0.522768641743221,0.049675453978125006,3.799999999999997,80.2,
P2_S3_B3_seed1008,"plant@(12.000,2.000)",12.0,2.0,3,21.5,,,,106.5,0,1,0,0,,,,,,,,,B3 sequential/nonpersistent failure: No feasible candidate; rejections=32
P2_S3_B3_seed1009,"plant@(2.000,3.000)",2.0,3.0,1,24.7,41.7,44.9,49.9,49.9,True,2,1,0,0.6720986539475831,2.5916759385127595,1.1024807936404708,1.1024807936404708,0.45345532968824814,0.04719459300395101,3.1999999999999957,25.2,
P2_S3_B3_seed1009,"plant@(-6.000,4.500)",-6.0,4.5,2,25.0,91.7,97.3,102.3,102.3,True,2,1,0,0.5993644095205606,7.709460877966183,1.1394987459225903,1.1394987459225903,0.42198142324069243,0.04584824200719595,5.599999999999994,77.3,
P2_S3_B3_seed1009,"plant@(12.000,2.000)",12.0,2.0,3,25.1,,,,107.7,0,1,0,0,,,,,,,,,B3 sequential/nonpersistent failure: No feasible candidate; rejections=32
P2_S3_B3_seed1010,"plant@(2.000,3.000)",2.0,3.0,1,24.9,42.1,44.7,49.7,49.7,True,2,1,0,0.6393697794091422,2.609802512187726,1.083955857447782,1.083955857447782,0.47825933840799395,0.04703255201457068,2.6000000000000014,24.800000000000004,
P2_S3_B3_seed1010,"plant@(-6.000,4.500)",-6.0,4.5,2,25.1,96.0,101.5,106.5,106.5,True,3,2,0,0.5461850307554231,7.795335408141998,1.1343474031164986,1.1343474031164986,0.4928198135121185,0.05040766598540358,5.5,81.4,
P2_S3_B3_seed1010,"plant@(12.000,2.000)",12.0,2.0,3,25.2,113.3,192.8,197.8,197.8,True,1,0,0,22.531894796490473,22.36871749065923,1.1277791600645233,1.1277791600645233,0.8890551499508795,6.566986487014219,79.50000000000001,172.60000000000002,
P2_S3_P_seed1001,"plant@(2.000,3.000)",2.0,3.0,1,20.6,37.1,39.7,44.7,44.7,True,2,1,0,0.6720986539475831,2.5497644358801885,1.1024094130899789,1.1024094130899789,0.4626265357311091,0.04703467100625858,2.6000000000000014,24.1,
P2_S3_P_seed1001,"plant@(-6.000,4.500)",-6.0,4.5,2,20.9,85.8,92.0,97.0,97.0,True,3,2,0,0.5318550895747582,7.848117823401252,1.1287043787602102,1.1287043787602102,0.4496333175090354,0.044666570000117645,6.200000000000003,76.1,
P2_S3_P_seed1001,"plant@(12.000,2.000)",12.0,2.0,3,21.0,244.4,,,247.1,0,3,5,0,21.930389167960737,1.359585190343315,,,,0.3278286980057601,,,"All 3 candidate attempts failed; target retry limit reached (candidate_cycles=3/3, no_candidate_cycles=0/3)"
P2_S3_P_seed1002,"plant@(2.000,3.000)",2.0,3.0,1,20.7,37.8,40.4,45.4,45.4,True,2,1,0,0.6867998464431404,2.597977694345714,1.062995632719594,1.062995632719594,0.46730731116844754,0.050137161975726485,2.6000000000000014,24.7,
P2_S3_P_seed1002,"plant@(-6.000,4.500)",-6.0,4.5,2,20.9,91.5,95.9,100.9,100.9,True,3,2,0,0.5641493342462924,7.810141835652794,1.1345773860153494,1.1345773860153494,0.49650359015509504,0.04643892400781624,4.400000000000006,80.0,
P2_S3_P_seed1002,"plant@(12.000,2.000)",12.0,2.0,3,21.3,194.5,194.7,199.7,199.7,True,2,1,0,0.9017380750747409,22.316439459041256,1.1450035834879935,1.1450035834879935,0.7460673629339061,0.0769569709955249,0.19999999999998863,178.39999999999998,
P2_S3_P_seed1003,"plant@(2.000,3.000)",2.0,3.0,1,20.4,37.8,40.4,45.4,45.4,True,2,1,0,0.6393697794091422,2.5834484310350514,1.1034481303162107,1.1034481303162107,0.4821625068755687,0.043536465003853664,2.6000000000000014,25.0,
P2_S3_P_seed1003,"plant@(-6.000,4.500)",-6.0,4.5,2,20.6,92.4,96.2,101.2,101.2,True,3,2,0,0.5641493342462924,7.866825059297189,1.1470115606960576,1.1470115606960576,0.561890842722955,0.04847584798699245,3.799999999999997,80.6,
P2_S3_P_seed1003,"plant@(12.000,2.000)",12.0,2.0,3,20.6,196.9,197.7,202.7,202.7,True,3,2,0,0.7934155341559235,22.354630518381363,1.1372695325667752,1.1372695325667752,0.6857869929778604,0.07844660300179385,0.799999999999983,182.1,
P2_S3_P_seed1004,"plant@(2.000,3.000)",2.0,3.0,1,24.5,41.9,44.5,49.5,49.5,True,2,1,0,0.6393697794091422,2.5925845122808275,1.0608007021437382,1.0608007021437382,0.4660444223492329,0.04998782600159757,2.6000000000000014,25.0,
P2_S3_P_seed1004,"plant@(-6.000,4.500)",-6.0,4.5,2,24.7,94.9,99.8,104.8,104.8,True,3,2,0,0.5461850307554231,7.888828574506784,1.1270094163092592,1.1270094163092592,0.47234710258532325,0.0454768449999392,4.8999999999999915,80.1,
P2_S3_P_seed1004,"plant@(12.000,2.000)",12.0,2.0,3,24.9,199.6,200.4,205.4,205.4,True,3,2,0,0.513712023609127,21.90216617456543,1.1366420967003439,1.1366420967003439,0.34245041925904424,0.05670405802084133,0.8000000000000114,180.5,
P2_S3_P_seed1005,"plant@(2.000,3.000)",2.0,3.0,1,20.4,37.1,40.3,45.3,45.3,True,2,1,0,0.6720986539475831,2.597294354916299,1.096754253986406,1.096754253986406,0.4715055953319556,0.04992661398136988,3.1999999999999957,24.9,
P2_S3_P_seed1005,"plant@(-6.000,4.500)",-6.0,4.5,2,20.6,92.6,98.0,103.0,103.0,True,3,2,0,0.5807156246808054,7.99150720642175,1.122132528927581,1.122132528927581,0.4908345813393354,0.04747489999863319,5.400000000000006,82.4,
P2_S3_P_seed1005,"plant@(12.000,2.000)",12.0,2.0,3,20.6,197.6,198.4,203.4,203.4,True,3,2,0,0.513712023609127,22.018760463843687,1.1455243387823557,1.1455243387823557,0.3484558068269003,0.05746192700462416,0.8000000000000114,182.8,
P2_S3_P_seed1006,"plant@(2.000,3.000)",2.0,3.0,1,20.3,37.8,41.0,46.0,46.0,True,2,1,0,0.6393697794091422,2.6149180987190945,1.0835042436464803,1.0835042436464803,0.45883755936195153,0.04965242199250497,3.200000000000003,25.7,
P2_S3_P_seed1006,"plant@(-6.000,4.500)",-6.0,4.5,2,20.5,92.5,97.5,102.5,102.5,True,3,2,0,0.5318550895747582,7.744531316870808,1.1201057950308344,1.1201057950308344,0.513824472585985,0.04451772398897447,5.0,82.0,
P2_S3_P_seed1006,"plant@(12.000,2.000)",12.0,2.0,3,20.7,194.6,197.8,202.8,202.8,True,2,1,0,0.5538104684940629,21.80485744424616,1.1436623774017638,1.1436623774017638,0.4748016483657789,0.05100606399355456,3.200000000000017,182.10000000000002,
P2_S3_P_seed1007,"plant@(2.000,3.000)",2.0,3.0,1,20.5,37.9,40.5,45.5,45.5,True,2,1,0,0.6393697794091422,2.5447143647564436,1.1478146286249777,1.1478146286249777,0.48293625997516965,0.044978086021728814,2.6000000000000014,25.0,
P2_S3_P_seed1007,"plant@(-6.000,4.500)",-6.0,4.5,2,20.7,92.7,97.1,102.1,102.1,True,3,2,0,0.5641493342462924,7.843502924184975,1.129075263923499,1.129075263923499,0.5023945710771632,0.042593653983203694,4.3999999999999915,81.39999999999999,
P2_S3_P_seed1007,"plant@(12.000,2.000)",12.0,2.0,3,21.1,195.8,196.6,201.6,201.6,True,3,2,0,0.513712023609127,22.017097278065336,1.1244372921017058,1.1244372921017058,0.3323491426148646,0.06007151401718147,0.799999999999983,180.5,
P2_S3_P_seed1008,"plant@(2.000,3.000)",2.0,3.0,1,24.7,42.0,44.6,49.6,49.6,True,2,1,0,0.6867998464431404,2.5574265396453595,1.1027534727354285,1.1027534727354285,0.45507629617556583,0.053588165988912806,2.6000000000000014,24.900000000000002,
P2_S3_P_seed1008,"plant@(-6.000,4.500)",-6.0,4.5,2,25.0,95.5,99.8,104.8,104.8,True,3,2,0,0.59401096075799,7.92513389717653,1.1159598366775256,1.1159598366775256,0.525755175669754,0.049190196994459257,4.299999999999997,79.8,
P2_S3_P_seed1008,"plant@(12.000,2.000)",12.0,2.0,3,25.1,204.3,207.6,212.6,212.6,True,2,1,0,0.5538104684940629,22.807006921625582,1.1464405759885967,1.1464405759885967,0.4708334921424293,0.06401030300185084,3.299999999999983,187.5,
P2_S3_P_seed1009,"plant@(2.000,3.000)",2.0,3.0,1,24.7,41.7,44.3,49.3,49.3,True,2,1,0,0.6393697794091422,2.57626075324166,1.1191743240268925,1.1191743240268925,0.48494956634102304,0.05392483700416051,2.5999999999999943,24.599999999999998,
P2_S3_P_seed1009,"plant@(-6.000,4.500)",-6.0,4.5,2,24.9,96.2,100.5,105.5,105.5,True,3,2,0,0.5461850307554231,7.926126217079374,1.1112649481749497,1.1112649481749497,0.4786648216534803,0.04592184099601582,4.299999999999997,80.6,
P2_S3_P_seed1009,"plant@(12.000,2.000)",12.0,2.0,3,25.3,200.7,200.9,205.9,205.9,True,3,2,0,0.7907108557544174,22.444548157235197,1.1493198959497701,1.1493198959497701,0.7449776711154533,0.08190870599355549,0.20000000000001705,180.6,
P2_S3_P_seed1010,"plant@(2.000,3.000)",2.0,3.0,1,20.9,37.8,40.4,45.4,45.4,True,2,1,0,0.6720986539475831,2.6002851131242535,1.088109161213395,1.088109161213395,0.48908853222937587,0.0502259939967189,2.6000000000000014,24.5,
P2_S3_P_seed1010,"plant@(-6.000,4.500)",-6.0,4.5,2,21.1,92.4,97.9,102.9,102.9,True,3,2,0,0.5641493342462924,7.8694138610185425,1.1435130683537051,1.1435130683537051,0.5029372241639933,0.047006977983983234,5.5,81.80000000000001,
P2_S3_P_seed1010,"plant@(12.000,2.000)",12.0,2.0,3,21.3,198.8,202.6,207.6,207.6,True,2,1,0,0.5596506055230094,21.921699931394958,1.109407834186963,1.109407834186963,0.4836838625700677,0.060149859986267984,3.799999999999983,186.29999999999998,
